,Iteration,Fitness,Time,State,current_restart,max_iters,Restarts
0,0,17.0,0.0020646000002670917,[ 6 19 14 10  7 20  6 18 10 10 20  3  7  2 20  1 11  5  1 20  0],0,512,5
1,1,17.0,0.004975800000465824,[ 6 19 14 10  7 20  6 18 10 10 20  3  7  2 20  1 11  5  1 20  0],0,512,5
2,2,17.0,0.007606099999975413,[ 6 19 14 10  7 20  6 18 10 10 20  3  7  2 20  1 11  5  1 20  0],0,512,5
3,4,16.0,0.013059400000202004,[ 6 19 14 10  7 20  6 18 10 10 20  3  7  2 18  1 11  5  1 20  0],0,512,5
4,8,16.0,0.018322700000680925,[ 6 19 14 10  7 20  6 18 10 10 20  3  7  2 18  1 11  5  1 20  0],0,512,5
5,16,16.0,0.030730500000572647,[ 6 19 14 10  7 20  6 18 10 10 20  3  7  2 18  1 11  5  1 20  0],0,512,5
6,32,12.0,0.05500130000018544,[ 6 19 14 10  7 20  6 18 10  3 20  3  7  2 12  1 11  5  1 20 16],0,512,5
7,64,9.0,0.07866630000080477,[ 4 19 14 10  7 20  6 18 10  3 20  3  7  2 12  1 11  5 17 20 16],0,512,5
8,128,6.0,0.12611650000053487,[ 4 19 14 10  7 20  6  0 10  3 20  3  9  2 12  1 11  5 17 20 16],0,512,5
9,256,4.0,0.23689720000038506,[ 4 19  8 10  7 14  6  0 10  3 20  3  9  2 12  1 11  5 17 20 16],0,512,5
10,512,2.0,0.4724374000006719,[ 4 19  8 10  7 14  6  0 10 20 15  3  9  2 12  1 11  5 17 20 16],0,512,5
11,0,19.0,0.4749967000007018,[17 20 16  6 16 19  8 16 19  7 16  6  0 12 18 18 16 12 15  7 18],1,512,5
12,1,19.0,0.4772273000007772,[17 20 16  6 16 19  8 16 19  7 16  6  0 12 18 18 16 12 15  7 18],1,512,5
13,2,19.0,0.4792905000003884,[17 20 16  6 16 19  8 16 19  7 16  6  0 12 18 18 16 12 15  7 18],1,512,5
14,4,19.0,0.4813246000003346,[17 20 16  6 16 19  8 16 19  7 16  6  0 12 18 18 16 12 15  7 18],1,512,5
15,8,19.0,0.48566810000011174,[17 20 16  6 16 19  8 16 19  7 16  6  0 12 18 18 16 12 15  7 18],1,512,5
16,16,16.0,0.4940769000004366,[17 20 16  6 16 19  8 16 19 10 16  6  0 12  4 18 16 12 15  7 18],1,512,5
17,32,9.0,0.5150773000004847,[17 20 13  6 16 19  8  1 19 10 16  6  0 12  4 19 16 12 15 11 18],1,512,5
18,64,8.0,0.539286400000492,[17 20 13  6 16 19  8  1 19 10 16 17  0 12  4 19 16 12 15 11 18],1,512,5
19,128,6.0,0.5870053000007829,[17 20 13  6 16 19  8  1 18 10  1 17  0 12  4 19 16 12 15 11 18],1,512,5
20,256,6.0,0.6884863000004771,[17 20 13  6 16 19  8  1 18 10  1 17  0 12  4 19 16 12 15 11 18],1,512,5
21,512,2.0,0.8449847000001682,[ 5 20 13  6 16 19  8  1 18 10  3 17  0  9  4 19 16 12 15 11  7],1,512,5
22,0,20.0,0.847057500000119,[ 0 20 15 11  5 19  1 13  3  0 17 12  1  8 20  1  8  0 10  2 19],2,512,5
23,1,20.0,0.8483224999999948,[ 0 20 15 11  5 19  1 13  3  0 17 12  1  8 20  1  8  0 10  2 19],2,512,5
24,2,20.0,0.8493340000004537,[ 0 20 15 11  5 19  1 13  3  0 17 12  1  8 20  1  8  0 10  2 19],2,512,5
25,4,20.0,0.8509008000000904,[ 0 20 15 11  5 19  1 13  3  0 17 12  1  8 20  1  8  0 10  2 19],2,512,5
26,8,15.0,0.8547128000000157,[ 0 20 15 11  5 19  1 13  3  6 17 12  1  8 16  1  8 13 10  2 19],2,512,5
27,16,11.0,0.8599180999999589,[ 0 20 15 11  5 19  1 13  3  6 17 12  1  9 16  1  8 13 10  2 19],2,512,5
28,32,10.0,0.8688842000001387,[ 0 20 15 11  5 19  1 13  3  6 17 12  1  9 16  1  8  5 10  2 19],2,512,5
29,64,8.0,0.888900900000408,[ 0 20 15 11  5 19  1 13  3  6 17 12  1  9 16  1  4 15 10  2 19],2,512,5
30,128,5.0,0.936292900000808,[ 0 20 15 11  5 14  1 13  3  6 17 12  1  9 16 18  4  8 10  2 19],2,512,5
31,256,4.0,1.0074749000004886,[ 0 20 15 11  5 14 10 13  3  6 17 12  1  9 16 18  4  8 10  2 19],2,512,5
32,512,4.0,1.14158850000058,[ 0 20 15 11  5 14 10 13  3  6 17 12  1  9 16 18  4  8 10  2 19],2,512,5
33,0,20.0,1.143670800000109,[ 4 16  4  3 18 20  1 10 12 14 11 20 10  6  4 16 19  8 13 11  5],3,512,5
34,1,20.0,1.1446507000000565,[ 4 16  4  3 18 20  1 10 12 14 11 20 10  6  4 16 19  8 13 11  5],3,512,5
35,2,19.0,1.146306900000127,[ 4 16  4  3 18 20  1 10 12 14 11 20 10  6  4 16 19  8 16 11  5],3,512,5
36,4,19.0,1.1478498000005857,[ 4 16  4  3 18 20  1 10 12 14 11 20 10  6  4 16 19  8 16 11  5],3,512,5
37,8,18.0,1.1509429000007003,[ 4 16  4  3 18 20  1 10 12 14  0 20 10  6  4 16 19  8 16 11  5],3,512,5
38,16,14.0,1.1566493000000264,[ 4 16  4  3 18 20  1 20 12 14  0 20  2  6 15 16 19  8 16 11  5],3,512,5
39,32,11.0,1.165509800000109,[ 8 16  4  3 18 20  1 20 12 14  0 20  2  6 15 16 19 11 16 11  5],3,512,5
40,64,9.0,1.1813388000000486,[17  7  4  3 18 20  1 20 12 14  0 20  2  6 15 16 19 11 16 11  5],3,512,5
41,128,5.0,1.212287300000753,[17  7  4 13 18 16  1 20 12 14  0 20  2  6 15 11 19 11 16 11  5],3,512,5
42,256,5.0,1.2744829000002937,[17  7  4 13 18 16  1 20 12 14  0 20  2  6 15 11 19 11 16 11  5],3,512,5
43,512,4.0,1.4009580000001733,[17  7  4 13 18 16  1 20 12 14  0 20  3  6 15 11 19 11 16 11  5],3,512,5
44,0,15.0,1.40299959999993,[18 15  1  7  5 11 14  7  3 14 19 16 12 17  1 12 12 14 19  9  2],4,512,5
45,1,15.0,1.4039808000006815,[18 15  1  7  5 11 14  7  3 14 19 16 12 17  1 12 12 14 19  9  2],4,512,5
46,2,15.0,1.4050111000005927,[18 15  1  7  5 11 14  7  3 14 19 16 12 17  1 12 12 14 19  9  2],4,512,5
47,4,14.0,1.4069613000001482,[18 15  1 20  5 11 14  7  3 14 19 16 12 17  1 12 12 14 19  9  2],4,512,5
48,8,12.0,1.4103011000006518,[18 15  1 20  5 11 14  7  3 14 19 16 12 17  1  3  8 14 19  9  2],4,512,5
49,16,12.0,1.4144459000008283,[18 15  1 20  5 11 14  7  3 14 19 16 12 17  1  3  8 14 19  9  2],4,512,5
50,32,9.0,1.4229113999999754,[18 15  1 20  5 11 14  7  3  4 19 16 10 17  1  3  8 14 19  9  2],4,512,5
51,64,6.0,1.4392182999999932,[12 15  1 20  6 11 14  7  3  4 19 16 10 17  5  3  8 14 19  9  2],4,512,5
52,128,5.0,1.4690978000007817,[12 15  1 20  6 11 14  7  3  4 19 16 10 17  5  0  8 14 19  9  2],4,512,5
53,256,5.0,1.5371484000006603,[12 15  1 20  6 11 14  7  3  4 19 16 10 17  5  0  8 14 19  9  2],4,512,5
54,512,5.0,1.6662997000003088,[12 15  1 20  6 11 14  7  3  4 19 16 10 17  5  0  8 14 19  9  2],4,512,5
55,0,21.0,1.668480900000759,[14 11 16  8 14 11  1  4 12 19  7 13 14 10  0 20  2 16 18 13  7],5,512,5
56,1,21.0,1.669672900000478,[14 11 16  8 14 11  1  4 12 19  7 13 14 10  0 20  2 16 18 13  7],5,512,5
57,2,20.0,1.6712353000002622,[14 11  4  8 14 11  1  4 12 19  7 13 14 10  0 20  2 16 18 13  7],5,512,5
58,4,20.0,1.6728585999999268,[14 11  4  8 14 11  1  4 12 19  7 13 14 10  0 20  2 16 18 13  7],5,512,5
59,8,18.0,1.6761560000004465,[14 11  4  8  7 11  1  4 12 19  7 10 14 10  0 20  2 16 18 13  7],5,512,5
60,16,14.0,1.6816625000001295,[15 11 20  8  7 11  1  4 12 19  7 10 14  2  0 20  2 16 18 13  7],5,512,5
61,32,13.0,1.689814800000022,[15 11 20  8  7 11  1  4 12 19 19 10 14  2  0 20  2 16 18 13  7],5,512,5
62,64,10.0,1.7057647999999972,[15 11 20 11  7 11  1  4 12 10 19 10 14 11  0 20  2 16 18 13  7],5,512,5
63,128,8.0,1.7397381000000678,[15 11 20 17  7 11  1  4 12 10 19  3 14 11  0 20  2 16 18 13  7],5,512,5
64,256,5.0,1.8044382000007317,[15  9 20 17  7 11  1  4 12 10 19  3 14 11  7 20  2 16 18 13  8],5,512,5
65,512,3.0,1.9373966000002838,[15  9 20 17  0 11  1  4 12 10 19  3 14 11  7 20  2 16 18 13  8],5,512,5
66,0,17.0,0.0005348000004232745,[ 6 19 14 10  7 20  6 18 10 10 20  3  7  2 20  1 11  5  1 20  0],0,512,10
67,1,17.0,0.001876799999990908,[ 6 19 14 10  7 20  6 18 10 10 20  3  7  2 20  1 11  5  1 20  0],0,512,10
68,2,17.0,0.0032620000001770677,[ 6 19 14 10  7 20  6 18 10 10 20  3  7  2 20  1 11  5  1 20  0],0,512,10
69,4,16.0,0.005229500000496046,[ 6 19 14 10  7 20  6 18 10 10 20  3  7  2 18  1 11  5  1 20  0],0,512,10
70,8,16.0,0.007711400000516733,[ 6 19 14 10  7 20  6 18 10 10 20  3  7  2 18  1 11  5  1 20  0],0,512,10
71,16,16.0,0.01194110000051296,[ 6 19 14 10  7 20  6 18 10 10 20  3  7  2 18  1 11  5  1 20  0],0,512,10
72,32,12.0,0.021249100000204635,[ 6 19 14 10  7 20  6 18 10  3 20  3  7  2 12  1 11  5  1 20 16],0,512,10
73,64,9.0,0.048421999999845866,[ 4 19 14 10  7 20  6 18 10  3 20  3  7  2 12  1 11  5 17 20 16],0,512,10
74,128,6.0,0.08279550000042946,[ 4 19 14 10  7 20  6  0 10  3 20  3  9  2 12  1 11  5 17 20 16],0,512,10
75,256,4.0,0.14268010000068898,[ 4 19  8 10  7 14  6  0 10  3 20  3  9  2 12  1 11  5 17 20 16],0,512,10
76,512,2.0,0.272587299999941,[ 4 19  8 10  7 14  6  0 10 20 15  3  9  2 12  1 11  5 17 20 16],0,512,10
77,0,19.0,0.2746009000002232,[17 20 16  6 16 19  8 16 19  7 16  6  0 12 18 18 16 12 15  7 18],1,512,10
78,1,19.0,0.27559040000051027,[17 20 16  6 16 19  8 16 19  7 16  6  0 12 18 18 16 12 15  7 18],1,512,10
79,2,19.0,0.27653640000062296,[17 20 16  6 16 19  8 16 19  7 16  6  0 12 18 18 16 12 15  7 18],1,512,10
80,4,19.0,0.2781994000006307,[17 20 16  6 16 19  8 16 19  7 16  6  0 12 18 18 16 12 15  7 18],1,512,10
81,8,19.0,0.28090100000008533,[17 20 16  6 16 19  8 16 19  7 16  6  0 12 18 18 16 12 15  7 18],1,512,10
82,16,16.0,0.28619960000014544,[17 20 16  6 16 19  8 16 19 10 16  6  0 12  4 18 16 12 15  7 18],1,512,10
83,32,9.0,0.29629190000014205,[17 20 13  6 16 19  8  1 19 10 16  6  0 12  4 19 16 12 15 11 18],1,512,10
84,64,8.0,0.31201400000009016,[17 20 13  6 16 19  8  1 19 10 16 17  0 12  4 19 16 12 15 11 18],1,512,10
85,128,6.0,0.3582329999999274,[17 20 13  6 16 19  8  1 18 10  1 17  0 12  4 19 16 12 15 11 18],1,512,10
86,256,6.0,0.4256356000005326,[17 20 13  6 16 19  8  1 18 10  1 17  0 12  4 19 16 12 15 11 18],1,512,10
87,512,2.0,0.5590296999998827,[ 5 20 13  6 16 19  8  1 18 10  3 17  0  9  4 19 16 12 15 11  7],1,512,10
88,0,20.0,0.561271399999896,[ 0 20 15 11  5 19  1 13  3  0 17 12  1  8 20  1  8  0 10  2 19],2,512,10
89,1,20.0,0.5625478000001749,[ 0 20 15 11  5 19  1 13  3  0 17 12  1  8 20  1  8  0 10  2 19],2,512,10
90,2,20.0,0.5635855000000447,[ 0 20 15 11  5 19  1 13  3  0 17 12  1  8 20  1  8  0 10  2 19],2,512,10
91,4,20.0,0.565224699999817,[ 0 20 15 11  5 19  1 13  3  0 17 12  1  8 20  1  8  0 10  2 19],2,512,10
92,8,15.0,0.569012400000247,[ 0 20 15 11  5 19  1 13  3  6 17 12  1  8 16  1  8 13 10  2 19],2,512,10
93,16,11.0,0.5744752999999037,[ 0 20 15 11  5 19  1 13  3  6 17 12  1  9 16  1  8 13 10  2 19],2,512,10
94,32,10.0,0.5833327999998801,[ 0 20 15 11  5 19  1 13  3  6 17 12  1  9 16  1  8  5 10  2 19],2,512,10
95,64,8.0,0.6005168000001504,[ 0 20 15 11  5 19  1 13  3  6 17 12  1  9 16  1  4 15 10  2 19],2,512,10
96,128,5.0,0.6340774999998757,[ 0 20 15 11  5 14  1 13  3  6 17 12  1  9 16 18  4  8 10  2 19],2,512,10
97,256,4.0,0.700647000000572,[ 0 20 15 11  5 14 10 13  3  6 17 12  1  9 16 18  4  8 10  2 19],2,512,10
98,512,4.0,0.8525706999998874,[ 0 20 15 11  5 14 10 13  3  6 17 12  1  9 16 18  4  8 10  2 19],2,512,10
99,0,20.0,0.8550850000001446,[ 4 16  4  3 18 20  1 10 12 14 11 20 10  6  4 16 19  8 13 11  5],3,512,10
100,1,20.0,0.856320500000038,[ 4 16  4  3 18 20  1 10 12 14 11 20 10  6  4 16 19  8 13 11  5],3,512,10
101,2,19.0,0.8579402000004848,[ 4 16  4  3 18 20  1 10 12 14 11 20 10  6  4 16 19  8 16 11  5],3,512,10
102,4,19.0,0.8598118999998405,[ 4 16  4  3 18 20  1 10 12 14 11 20 10  6  4 16 19  8 16 11  5],3,512,10
103,8,18.0,0.8630645000002914,[ 4 16  4  3 18 20  1 10 12 14  0 20 10  6  4 16 19  8 16 11  5],3,512,10
104,16,14.0,0.8684203000002526,[ 4 16  4  3 18 20  1 20 12 14  0 20  2  6 15 16 19  8 16 11  5],3,512,10
105,32,11.0,0.8771937999999864,[ 8 16  4  3 18 20  1 20 12 14  0 20  2  6 15 16 19 11 16 11  5],3,512,10
106,64,9.0,0.8929446000001917,[17  7  4  3 18 20  1 20 12 14  0 20  2  6 15 16 19 11 16 11  5],3,512,10
107,128,5.0,0.9234315000003335,[17  7  4 13 18 16  1 20 12 14  0 20  2  6 15 11 19 11 16 11  5],3,512,10
108,256,5.0,0.9820828000001711,[17  7  4 13 18 16  1 20 12 14  0 20  2  6 15 11 19 11 16 11  5],3,512,10
109,512,4.0,1.1085315999998784,[17  7  4 13 18 16  1 20 12 14  0 20  3  6 15 11 19 11 16 11  5],3,512,10
110,0,15.0,1.1106079999999565,[18 15  1  7  5 11 14  7  3 14 19 16 12 17  1 12 12 14 19  9  2],4,512,10
111,1,15.0,1.1119650000000547,[18 15  1  7  5 11 14  7  3 14 19 16 12 17  1 12 12 14 19  9  2],4,512,10
112,2,15.0,1.1132425000005242,[18 15  1  7  5 11 14  7  3 14 19 16 12 17  1 12 12 14 19  9  2],4,512,10
113,4,14.0,1.115127900000516,[18 15  1 20  5 11 14  7  3 14 19 16 12 17  1 12 12 14 19  9  2],4,512,10
114,8,12.0,1.1184544000007008,[18 15  1 20  5 11 14  7  3 14 19 16 12 17  1  3  8 14 19  9  2],4,512,10
115,16,12.0,1.1229922000002261,[18 15  1 20  5 11 14  7  3 14 19 16 12 17  1  3  8 14 19  9  2],4,512,10
116,32,9.0,1.1320826999999554,[18 15  1 20  5 11 14  7  3  4 19 16 10 17  1  3  8 14 19  9  2],4,512,10
117,64,6.0,1.1493897000000288,[12 15  1 20  6 11 14  7  3  4 19 16 10 17  5  3  8 14 19  9  2],4,512,10
118,128,5.0,1.1798007000006692,[12 15  1 20  6 11 14  7  3  4 19 16 10 17  5  0  8 14 19  9  2],4,512,10
119,256,5.0,1.2385488999998415,[12 15  1 20  6 11 14  7  3  4 19 16 10 17  5  0  8 14 19  9  2],4,512,10
120,512,5.0,1.378139800000099,[12 15  1 20  6 11 14  7  3  4 19 16 10 17  5  0  8 14 19  9  2],4,512,10
121,0,21.0,1.3806101000000126,[14 11 16  8 14 11  1  4 12 19  7 13 14 10  0 20  2 16 18 13  7],5,512,10
122,1,21.0,1.3816219999998793,[14 11 16  8 14 11  1  4 12 19  7 13 14 10  0 20  2 16 18 13  7],5,512,10
123,2,20.0,1.383010500000637,[14 11  4  8 14 11  1  4 12 19  7 13 14 10  0 20  2 16 18 13  7],5,512,10
124,4,20.0,1.3844503999998778,[14 11  4  8 14 11  1  4 12 19  7 13 14 10  0 20  2 16 18 13  7],5,512,10
125,8,18.0,1.38751880000018,[14 11  4  8  7 11  1  4 12 19  7 10 14 10  0 20  2 16 18 13  7],5,512,10
126,16,14.0,1.392891899999995,[15 11 20  8  7 11  1  4 12 19  7 10 14  2  0 20  2 16 18 13  7],5,512,10
127,32,13.0,1.4011209000000235,[15 11 20  8  7 11  1  4 12 19 19 10 14  2  0 20  2 16 18 13  7],5,512,10
128,64,10.0,1.417626299999938,[15 11 20 11  7 11  1  4 12 10 19 10 14 11  0 20  2 16 18 13  7],5,512,10
129,128,8.0,1.4480215000003227,[15 11 20 17  7 11  1  4 12 10 19  3 14 11  0 20  2 16 18 13  7],5,512,10
130,256,5.0,1.507763999999952,[15  9 20 17  7 11  1  4 12 10 19  3 14 11  7 20  2 16 18 13  8],5,512,10
131,512,3.0,1.6496388000005027,[15  9 20 17  0 11  1  4 12 10 19  3 14 11  7 20  2 16 18 13  8],5,512,10
132,0,22.0,1.6513116000005539,[13  1 11 20 15  3  7  1  9  8 14 12 16 15  1 19 19 13  2 11  7],6,512,10
133,1,22.0,1.6527280000000246,[13  1 11 20 15  3  7  1  9  8 14 12 16 15  1 19 19 13  2 11  7],6,512,10
134,2,22.0,1.6538015000005544,[13  1 11 20 15  3  7  1  9  8 14 12 16 15  1 19 19 13  2 11  7],6,512,10
135,4,21.0,1.6557001999999557,[13  1 11 20 15  3  7  1  9  8 14 14 16 15  1 19 19 13  2 11  7],6,512,10
136,8,21.0,1.6583755000001474,[13  1 11 20 15  3  7  1  9  8 14 14 16 15  1 19 19 13  2 11  7],6,512,10
137,16,17.0,1.6639984000003096,[13  1 11 20 15  3  4  1  9  8 14 14 16 15  1 18 19 13  2 11 11],6,512,10
138,32,15.0,1.6743301000005886,[13  1 11 20 15  3  4  1 10  8 14 14 16  1  1 18 19 13  2 11 11],6,512,10
139,64,10.0,1.691110600000684,[13  1 11 20 15  6  4  1 10  8 14 17 16  1  1 18 19  5  2 11 11],6,512,10
140,128,7.0,1.7230420000005324,[13  1 11 20 15  6  4  0 10  8 14 17 16  8  1 18 19  5  2 11  9],6,512,10
141,256,5.0,1.7828009000004386,[12  1 11 20 15  6  4  0 10  8 14 17 16  3  1 18 19  5  2 11  9],6,512,10
142,512,4.0,1.9133191000000807,[12  1 11 20 15  6  4  0 10  8 14 17 19  3  1 18 19  5  2 11  9],6,512,10
143,0,19.0,1.917481399999815,[11  6 15 10 13  2 18 17  9  5 12  9 17 19 15  5 12  3 13  0 19],7,512,10
144,1,17.0,1.921271600000182,[11  6 15 10  7  2 18 17  9  5 12  9 17 19 15  5 12  3 13  0 19],7,512,10
145,2,15.0,1.9254644000002372,[11  6 15 10  7  2 18 17  9  5 12  1 17 19 15  5 12  3 13  0 19],7,512,10
146,4,15.0,1.929621500000394,[11  6 15 10  7  2 18 17  9  5 12  1 17 19 15  5 12  3 13  0 19],7,512,10
147,8,14.0,1.9344123000000764,[11  6  8 10  7  2 18 17  9  5 12  1 17 19 15  5 12  3 13  0 19],7,512,10
148,16,13.0,1.942561900000328,[11  6  8 10  7  2 18 17  9  5 12  1 17 19  1  5 12  3 13  0 19],7,512,10
149,32,10.0,1.9541650999999547,[11  6  8 10  7  2 18 20  9  5 12  1 17  4  1  5 12  3 13  0 19],7,512,10
150,64,6.0,1.9719586999999592,[11 15  8 10  7  2 18 20  9  5 12  1 17  4  1  7  5  3 13  0 19],7,512,10
151,128,5.0,2.0024920000005295,[11 15  8 10  2  2 18 20  9  5 12  1 17  4  1  7  5  3 13  0 19],7,512,10
152,256,4.0,2.062047400000665,[11 15  8 10  2  2 18 20  9  5 12  1 17  4  1  7 16  3 13  0 19],7,512,10
153,512,4.0,2.192266699999891,[11 15  8 10  2  2 18 20  9  5 12  1 17  4  1  7 16  3 13  0 19],7,512,10
154,0,24.0,2.194603900000402,[15 13 11 11 10 16  7 16 20 19 10  1  9  9 10  5  3 11 10 12  4],8,512,10
155,1,22.0,2.1967981000007057,[15 13 11 11 10  0  7 16 20 19 10  1  9  9 10  5  3 11 10 12  4],8,512,10
156,2,22.0,2.1989807999998447,[15 13 11 11 10  0  7 16 20 19 10  1  9  9 10  5  3 11 10 12  4],8,512,10
157,4,20.0,2.2024830999998812,[15 13 11 11 10  0  7 16 14 19 10  1  9  9 10  5  3 11 10 12  4],8,512,10
158,8,18.0,2.205949799999871,[15 13 11 11 10  0  7 16 14 19 10  1  9  3 10  6  3 11 10 12  4],8,512,10
159,16,17.0,2.210746800000379,[15 13 11 11 10  0  7 16 14 17 10  1  9  3 10  6  3 11 10 12  4],8,512,10
160,32,12.0,2.2200159000003623,[15  5 11 11 10  0  7 16 14 17 10  1  9  3 13  6  3 18 10 12  4],8,512,10
161,64,9.0,2.2364774000006946,[15  5 11  7 11  0 20 16 14 17 10  1  9  3 13  6  3 18 10 12  4],8,512,10
162,128,7.0,2.266839200000504,[15  5 11  7 11  0  8 16 14 17 10  1  9 16 13  6  3 18 10 12  4],8,512,10
163,256,5.0,2.3264598000005208,[15  5 18  7 11  0  8 16 14 17 20  1  9 16 13  6  3 18 10 12  4],8,512,10
164,512,5.0,2.4532011999999668,[15  5 18  7 11  0  8 16 14 17 20  1  9 16 13  6  3 18 10 12  4],8,512,10
165,0,18.0,2.4559336000002077,[ 6  3 12 11  0 20 18 20 19 17 10 19  2 16 11  9  7 14  4  3 20],9,512,10
166,1,18.0,2.458061899999848,[ 6  3 12 11  0 20 18 20 19 17 10 19  2 16 11  9  7 14  4  3 20],9,512,10
167,2,18.0,2.459802800000034,[ 6  3 12 11  0 20 18 20 19 17 10 19  2 16 11  9  7 14  4  3 20],9,512,10
168,4,17.0,2.461990599999808,[ 6  3 12 11  0 20 18 20 19 17 10  2  2 16 11  9  7 14  4  3 20],9,512,10
169,8,17.0,2.4656824000003326,[ 6  3 12 11  0 20 18 20 19 17 10  2  2 16 11  9  7 14  4  3 20],9,512,10
170,16,15.0,2.4706801000002088,[ 6  3 12 11  0 20 18 20 19 17 10  2  2 16 11  9  7 14  4  3  8],9,512,10
171,32,12.0,2.4789700000001176,[ 6  3 12  4  0 20 18 20 19 17 10  2  2 16 11  9  7 14  4  3  8],9,512,10
172,64,11.0,2.4943442000003415,[ 6  3 12  4  0 20 18 20 19 17 10  2  2 16 11  9  7 14  4  1  8],9,512,10
173,128,5.0,2.525578700000551,[ 6  3 12  4  0 20 15  5 19 17 10  6  2 16 18  9  7 14  4  1  8],9,512,10
174,256,5.0,2.5840134999998554,[ 6  3 12  4  0 20 15  5 19 17 10  6  2 16 18  9  7 14  4  1  8],9,512,10
175,512,5.0,2.708386899999823,[ 6  3 12  4  0 20 15  5 19 17 10  6  2 16 18  9  7 14  4  1  8],9,512,10
176,0,20.0,2.710507900000266,[ 2  2 19 17 19  3  0 15  7 16  7  6  7 20 11 15 11 18  9  6 11],10,512,10
177,1,18.0,2.7122354000002815,[ 2  2 19 17 19  3  0 15  7 16  7  6  7 20 11 15 11 18  9  4 11],10,512,10
178,2,18.0,2.7136887000006027,[ 2  2 19 17 19  3  0 15  7 16  7  6  7 20 11 15 11 18  9  4 11],10,512,10
179,4,18.0,2.7153291000004174,[ 2  2 19 17 19  3  0 15  7 16  7  6  7 20 11 15 11 18  9  4 11],10,512,10
180,8,18.0,2.718090899999879,[ 2  2 19 17 19  3  0 15  7 16  7  6  7 20 11 15 11 18  9  4 11],10,512,10
181,16,15.0,2.723217800000384,[ 2  2 19 17 19  3  0 15  7 16  7 10  7 20 11 15 11 18  6  4 11],10,512,10
182,32,12.0,2.732299000000239,[12  2  7 17 19  3  0 15  7 16  7 10  7 20 11 15 11 18  6  4  9],10,512,10
183,64,7.0,2.749010100000305,[12  2  7 17 19  3  0 15 14 16  7 10 16 20  5 15 11 18  6  4  9],10,512,10
184,128,6.0,2.7788964999999735,[12  2  7 17 19  3  0 15 14 16  7 10 16 20  5 15 11  1  6  4  9],10,512,10
185,256,4.0,2.8389327000004414,[12  2  7 17 19  3  0  8 14  5  7 10 16 20  5 15 11  1  6  4  9],10,512,10
186,512,3.0,2.963741999999911,[12  2  7 17 19  3  0 18 14  5  7 10 16 20  5 15 11  1  6  4  9],10,512,10
187,0,17.0,0.0005272999997032457,[ 6 19 14 10  7 20  6 18 10 10 20  3  7  2 20  1 11  5  1 20  0],0,512,15
188,1,17.0,0.0018328999994992046,[ 6 19 14 10  7 20  6 18 10 10 20  3  7  2 20  1 11  5  1 20  0],0,512,15
189,2,17.0,0.0031459000001632376,[ 6 19 14 10  7 20  6 18 10 10 20  3  7  2 20  1 11  5  1 20  0],0,512,15
190,4,16.0,0.005175499999495514,[ 6 19 14 10  7 20  6 18 10 10 20  3  7  2 18  1 11  5  1 20  0],0,512,15
191,8,16.0,0.00776659999974072,[ 6 19 14 10  7 20  6 18 10 10 20  3  7  2 18  1 11  5  1 20  0],0,512,15
192,16,16.0,0.012326799999755167,[ 6 19 14 10  7 20  6 18 10 10 20  3  7  2 18  1 11  5  1 20  0],0,512,15
193,32,12.0,0.023341500000242377,[ 6 19 14 10  7 20  6 18 10  3 20  3  7  2 12  1 11  5  1 20 16],0,512,15
194,64,9.0,0.04093170000032842,[ 4 19 14 10  7 20  6 18 10  3 20  3  7  2 12  1 11  5 17 20 16],0,512,15
195,128,6.0,0.07159109999975044,[ 4 19 14 10  7 20  6  0 10  3 20  3  9  2 12  1 11  5 17 20 16],0,512,15
196,256,4.0,0.13633260000005976,[ 4 19  8 10  7 14  6  0 10  3 20  3  9  2 12  1 11  5 17 20 16],0,512,15
197,512,2.0,0.26951310000004014,[ 4 19  8 10  7 14  6  0 10 20 15  3  9  2 12  1 11  5 17 20 16],0,512,15
198,0,19.0,0.2712076999996498,[17 20 16  6 16 19  8 16 19  7 16  6  0 12 18 18 16 12 15  7 18],1,512,15
199,1,19.0,0.2725063999996564,[17 20 16  6 16 19  8 16 19  7 16  6  0 12 18 18 16 12 15  7 18],1,512,15
200,2,19.0,0.27361019999989367,[17 20 16  6 16 19  8 16 19  7 16  6  0 12 18 18 16 12 15  7 18],1,512,15
201,4,19.0,0.2752791000002617,[17 20 16  6 16 19  8 16 19  7 16  6  0 12 18 18 16 12 15  7 18],1,512,15
202,8,19.0,0.27796419999958744,[17 20 16  6 16 19  8 16 19  7 16  6  0 12 18 18 16 12 15  7 18],1,512,15
203,16,16.0,0.28331019999950513,[17 20 16  6 16 19  8 16 19 10 16  6  0 12  4 18 16 12 15  7 18],1,512,15
204,32,9.0,0.2933800999999221,[17 20 13  6 16 19  8  1 19 10 16  6  0 12  4 19 16 12 15 11 18],1,512,15
205,64,8.0,0.30879749999985506,[17 20 13  6 16 19  8  1 19 10 16 17  0 12  4 19 16 12 15 11 18],1,512,15
206,128,6.0,0.3421189000000595,[17 20 13  6 16 19  8  1 18 10  1 17  0 12  4 19 16 12 15 11 18],1,512,15
207,256,6.0,0.40729910000027303,[17 20 13  6 16 19  8  1 18 10  1 17  0 12  4 19 16 12 15 11 18],1,512,15
208,512,2.0,0.5413300000000163,[ 5 20 13  6 16 19  8  1 18 10  3 17  0  9  4 19 16 12 15 11  7],1,512,15
209,0,20.0,0.5439337999996496,[ 0 20 15 11  5 19  1 13  3  0 17 12  1  8 20  1  8  0 10  2 19],2,512,15
210,1,20.0,0.5451935000000958,[ 0 20 15 11  5 19  1 13  3  0 17 12  1  8 20  1  8  0 10  2 19],2,512,15
211,2,20.0,0.5462022000001525,[ 0 20 15 11  5 19  1 13  3  0 17 12  1  8 20  1  8  0 10  2 19],2,512,15
212,4,20.0,0.5477113999995709,[ 0 20 15 11  5 19  1 13  3  0 17 12  1  8 20  1  8  0 10  2 19],2,512,15
213,8,15.0,0.5516213999999309,[ 0 20 15 11  5 19  1 13  3  6 17 12  1  8 16  1  8 13 10  2 19],2,512,15
214,16,11.0,0.5569120999998631,[ 0 20 15 11  5 19  1 13  3  6 17 12  1  9 16  1  8 13 10  2 19],2,512,15
215,32,10.0,0.5654532999997173,[ 0 20 15 11  5 19  1 13  3  6 17 12  1  9 16  1  8  5 10  2 19],2,512,15
216,64,8.0,0.582919899999979,[ 0 20 15 11  5 19  1 13  3  6 17 12  1  9 16  1  4 15 10  2 19],2,512,15
217,128,5.0,0.6149660000000949,[ 0 20 15 11  5 14  1 13  3  6 17 12  1  9 16 18  4  8 10  2 19],2,512,15
218,256,4.0,0.6765917000002446,[ 0 20 15 11  5 14 10 13  3  6 17 12  1  9 16 18  4  8 10  2 19],2,512,15
219,512,4.0,0.8249176999997871,[ 0 20 15 11  5 14 10 13  3  6 17 12  1  9 16 18  4  8 10  2 19],2,512,15
220,0,20.0,0.8270509000003585,[ 4 16  4  3 18 20  1 10 12 14 11 20 10  6  4 16 19  8 13 11  5],3,512,15
221,1,20.0,0.8281326999995144,[ 4 16  4  3 18 20  1 10 12 14 11 20 10  6  4 16 19  8 13 11  5],3,512,15
222,2,19.0,0.8299664999995002,[ 4 16  4  3 18 20  1 10 12 14 11 20 10  6  4 16 19  8 16 11  5],3,512,15
223,4,19.0,0.8317706999996517,[ 4 16  4  3 18 20  1 10 12 14 11 20 10  6  4 16 19  8 16 11  5],3,512,15
224,8,18.0,0.8351524999998219,[ 4 16  4  3 18 20  1 10 12 14  0 20 10  6  4 16 19  8 16 11  5],3,512,15
225,16,14.0,0.8410938999995778,[ 4 16  4  3 18 20  1 20 12 14  0 20  2  6 15 16 19  8 16 11  5],3,512,15
226,32,11.0,0.8507167999996454,[ 8 16  4  3 18 20  1 20 12 14  0 20  2  6 15 16 19 11 16 11  5],3,512,15
227,64,9.0,0.8674792000001617,[17  7  4  3 18 20  1 20 12 14  0 20  2  6 15 16 19 11 16 11  5],3,512,15
228,128,5.0,0.9035194999996747,[17  7  4 13 18 16  1 20 12 14  0 20  2  6 15 11 19 11 16 11  5],3,512,15
229,256,5.0,0.990314099999523,[17  7  4 13 18 16  1 20 12 14  0 20  2  6 15 11 19 11 16 11  5],3,512,15
230,512,4.0,1.1465984999995271,[17  7  4 13 18 16  1 20 12 14  0 20  3  6 15 11 19 11 16 11  5],3,512,15
231,0,15.0,1.1492889999999534,[18 15  1  7  5 11 14  7  3 14 19 16 12 17  1 12 12 14 19  9  2],4,512,15
232,1,15.0,1.1504445999999007,[18 15  1  7  5 11 14  7  3 14 19 16 12 17  1 12 12 14 19  9  2],4,512,15
233,2,15.0,1.151497300000301,[18 15  1  7  5 11 14  7  3 14 19 16 12 17  1 12 12 14 19  9  2],4,512,15
234,4,14.0,1.1536198000003424,[18 15  1 20  5 11 14  7  3 14 19 16 12 17  1 12 12 14 19  9  2],4,512,15
235,8,12.0,1.1570544999995036,[18 15  1 20  5 11 14  7  3 14 19 16 12 17  1  3  8 14 19  9  2],4,512,15
236,16,12.0,1.1618452000002435,[18 15  1 20  5 11 14  7  3 14 19 16 12 17  1  3  8 14 19  9  2],4,512,15
237,32,9.0,1.1718245000001843,[18 15  1 20  5 11 14  7  3  4 19 16 10 17  1  3  8 14 19  9  2],4,512,15
238,64,6.0,1.1884578999997757,[12 15  1 20  6 11 14  7  3  4 19 16 10 17  5  3  8 14 19  9  2],4,512,15
239,128,5.0,1.218479799999841,[12 15  1 20  6 11 14  7  3  4 19 16 10 17  5  0  8 14 19  9  2],4,512,15
240,256,5.0,1.2887545000003229,[12 15  1 20  6 11 14  7  3  4 19 16 10 17  5  0  8 14 19  9  2],4,512,15
241,512,5.0,1.464990200000102,[12 15  1 20  6 11 14  7  3  4 19 16 10 17  5  0  8 14 19  9  2],4,512,15
242,0,21.0,1.4686744000000544,[14 11 16  8 14 11  1  4 12 19  7 13 14 10  0 20  2 16 18 13  7],5,512,15
243,1,21.0,1.4697880000003352,[14 11 16  8 14 11  1  4 12 19  7 13 14 10  0 20  2 16 18 13  7],5,512,15
244,2,20.0,1.4712406999997256,[14 11  4  8 14 11  1  4 12 19  7 13 14 10  0 20  2 16 18 13  7],5,512,15
245,4,20.0,1.4726643000003605,[14 11  4  8 14 11  1  4 12 19  7 13 14 10  0 20  2 16 18 13  7],5,512,15
246,8,18.0,1.4759925999996995,[14 11  4  8  7 11  1  4 12 19  7 10 14 10  0 20  2 16 18 13  7],5,512,15
247,16,14.0,1.4816447000002881,[15 11 20  8  7 11  1  4 12 19  7 10 14  2  0 20  2 16 18 13  7],5,512,15
248,32,13.0,1.4902046999995946,[15 11 20  8  7 11  1  4 12 19 19 10 14  2  0 20  2 16 18 13  7],5,512,15
249,64,10.0,1.50693659999979,[15 11 20 11  7 11  1  4 12 10 19 10 14 11  0 20  2 16 18 13  7],5,512,15
250,128,8.0,1.5424197000002096,[15 11 20 17  7 11  1  4 12 10 19  3 14 11  0 20  2 16 18 13  7],5,512,15
251,256,5.0,1.624741699999504,[15  9 20 17  7 11  1  4 12 10 19  3 14 11  7 20  2 16 18 13  8],5,512,15
252,512,3.0,1.7898630999998204,[15  9 20 17  0 11  1  4 12 10 19  3 14 11  7 20  2 16 18 13  8],5,512,15
253,0,22.0,1.7926723999999012,[13  1 11 20 15  3  7  1  9  8 14 12 16 15  1 19 19 13  2 11  7],6,512,15
254,1,22.0,1.7940982000000076,[13  1 11 20 15  3  7  1  9  8 14 12 16 15  1 19 19 13  2 11  7],6,512,15
255,2,22.0,1.7956019000002925,[13  1 11 20 15  3  7  1  9  8 14 12 16 15  1 19 19 13  2 11  7],6,512,15
256,4,21.0,1.7978132999996888,[13  1 11 20 15  3  7  1  9  8 14 14 16 15  1 19 19 13  2 11  7],6,512,15
257,8,21.0,1.8008072000002358,[13  1 11 20 15  3  7  1  9  8 14 14 16 15  1 19 19 13  2 11  7],6,512,15
258,16,17.0,1.8071185999997397,[13  1 11 20 15  3  4  1  9  8 14 14 16 15  1 18 19 13  2 11 11],6,512,15
259,32,15.0,1.8166736000002857,[13  1 11 20 15  3  4  1 10  8 14 14 16  1  1 18 19 13  2 11 11],6,512,15
260,64,10.0,1.835863000000245,[13  1 11 20 15  6  4  1 10  8 14 17 16  1  1 18 19  5  2 11 11],6,512,15
261,128,7.0,1.8714281000002302,[13  1 11 20 15  6  4  0 10  8 14 17 16  8  1 18 19  5  2 11  9],6,512,15
262,256,5.0,1.9395377999999255,[12  1 11 20 15  6  4  0 10  8 14 17 16  3  1 18 19  5  2 11  9],6,512,15
263,512,4.0,2.0733053000003565,[12  1 11 20 15  6  4  0 10  8 14 17 19  3  1 18 19  5  2 11  9],6,512,15
264,0,19.0,2.075784699999531,[11  6 15 10 13  2 18 17  9  5 12  9 17 19 15  5 12  3 13  0 19],7,512,15
265,1,17.0,2.0774811999999656,[11  6 15 10  7  2 18 17  9  5 12  9 17 19 15  5 12  3 13  0 19],7,512,15
266,2,15.0,2.0790491999996448,[11  6 15 10  7  2 18 17  9  5 12  1 17 19 15  5 12  3 13  0 19],7,512,15
267,4,15.0,2.080724999999802,[11  6 15 10  7  2 18 17  9  5 12  1 17 19 15  5 12  3 13  0 19],7,512,15
268,8,14.0,2.084148500000083,[11  6  8 10  7  2 18 17  9  5 12  1 17 19 15  5 12  3 13  0 19],7,512,15
269,16,13.0,2.0889676999995572,[11  6  8 10  7  2 18 17  9  5 12  1 17 19  1  5 12  3 13  0 19],7,512,15
270,32,10.0,2.09805520000009,[11  6  8 10  7  2 18 20  9  5 12  1 17  4  1  5 12  3 13  0 19],7,512,15
271,64,6.0,2.1170202000002973,[11 15  8 10  7  2 18 20  9  5 12  1 17  4  1  7  5  3 13  0 19],7,512,15
272,128,5.0,2.1516300000002957,[11 15  8 10  2  2 18 20  9  5 12  1 17  4  1  7  5  3 13  0 19],7,512,15
273,256,4.0,2.232813599999645,[11 15  8 10  2  2 18 20  9  5 12  1 17  4  1  7 16  3 13  0 19],7,512,15
274,512,4.0,2.388457500000186,[11 15  8 10  2  2 18 20  9  5 12  1 17  4  1  7 16  3 13  0 19],7,512,15
275,0,24.0,2.391051499999776,[15 13 11 11 10 16  7 16 20 19 10  1  9  9 10  5  3 11 10 12  4],8,512,15
276,1,22.0,2.392518800000289,[15 13 11 11 10  0  7 16 20 19 10  1  9  9 10  5  3 11 10 12  4],8,512,15
277,2,22.0,2.3934819999994943,[15 13 11 11 10  0  7 16 20 19 10  1  9  9 10  5  3 11 10 12  4],8,512,15
278,4,20.0,2.395325700000285,[15 13 11 11 10  0  7 16 14 19 10  1  9  9 10  5  3 11 10 12  4],8,512,15
279,8,18.0,2.3989595000002737,[15 13 11 11 10  0  7 16 14 19 10  1  9  3 10  6  3 11 10 12  4],8,512,15
280,16,17.0,2.404492200000277,[15 13 11 11 10  0  7 16 14 17 10  1  9  3 10  6  3 11 10 12  4],8,512,15
281,32,12.0,2.4145759000002727,[15  5 11 11 10  0  7 16 14 17 10  1  9  3 13  6  3 18 10 12  4],8,512,15
282,64,9.0,2.4351699999997436,[15  5 11  7 11  0 20 16 14 17 10  1  9  3 13  6  3 18 10 12  4],8,512,15
283,128,7.0,2.467765100000179,[15  5 11  7 11  0  8 16 14 17 10  1  9 16 13  6  3 18 10 12  4],8,512,15
284,256,5.0,2.5313348999998198,[15  5 18  7 11  0  8 16 14 17 20  1  9 16 13  6  3 18 10 12  4],8,512,15
285,512,5.0,2.668766400000095,[15  5 18  7 11  0  8 16 14 17 20  1  9 16 13  6  3 18 10 12  4],8,512,15
286,0,18.0,2.671170499999789,[ 6  3 12 11  0 20 18 20 19 17 10 19  2 16 11  9  7 14  4  3 20],9,512,15
287,1,18.0,2.672751199999766,[ 6  3 12 11  0 20 18 20 19 17 10 19  2 16 11  9  7 14  4  3 20],9,512,15
288,2,18.0,2.6742051000001084,[ 6  3 12 11  0 20 18 20 19 17 10 19  2 16 11  9  7 14  4  3 20],9,512,15
289,4,17.0,2.6762681000000157,[ 6  3 12 11  0 20 18 20 19 17 10  2  2 16 11  9  7 14  4  3 20],9,512,15
290,8,17.0,2.6786928999999873,[ 6  3 12 11  0 20 18 20 19 17 10  2  2 16 11  9  7 14  4  3 20],9,512,15
291,16,15.0,2.6837781000003815,[ 6  3 12 11  0 20 18 20 19 17 10  2  2 16 11  9  7 14  4  3  8],9,512,15
292,32,12.0,2.693023499999981,[ 6  3 12  4  0 20 18 20 19 17 10  2  2 16 11  9  7 14  4  3  8],9,512,15
293,64,11.0,2.709971399999631,[ 6  3 12  4  0 20 18 20 19 17 10  2  2 16 11  9  7 14  4  1  8],9,512,15
294,128,5.0,2.7414464000003136,[ 6  3 12  4  0 20 15  5 19 17 10  6  2 16 18  9  7 14  4  1  8],9,512,15
295,256,5.0,2.80962769999951,[ 6  3 12  4  0 20 15  5 19 17 10  6  2 16 18  9  7 14  4  1  8],9,512,15
296,512,5.0,2.9425094999996873,[ 6  3 12  4  0 20 15  5 19 17 10  6  2 16 18  9  7 14  4  1  8],9,512,15
297,0,20.0,2.944818899999518,[ 2  2 19 17 19  3  0 15  7 16  7  6  7 20 11 15 11 18  9  6 11],10,512,15
298,1,18.0,2.9465871000002153,[ 2  2 19 17 19  3  0 15  7 16  7  6  7 20 11 15 11 18  9  4 11],10,512,15
299,2,18.0,2.948005700000067,[ 2  2 19 17 19  3  0 15  7 16  7  6  7 20 11 15 11 18  9  4 11],10,512,15
300,4,18.0,2.9496589999998832,[ 2  2 19 17 19  3  0 15  7 16  7  6  7 20 11 15 11 18  9  4 11],10,512,15
301,8,18.0,2.9531310000002122,[ 2  2 19 17 19  3  0 15  7 16  7  6  7 20 11 15 11 18  9  4 11],10,512,15
302,16,15.0,2.9589458999998897,[ 2  2 19 17 19  3  0 15  7 16  7 10  7 20 11 15 11 18  6  4 11],10,512,15
303,32,12.0,2.968932799999493,[12  2  7 17 19  3  0 15  7 16  7 10  7 20 11 15 11 18  6  4  9],10,512,15
304,64,7.0,2.9863451000001078,[12  2  7 17 19  3  0 15 14 16  7 10 16 20  5 15 11 18  6  4  9],10,512,15
305,128,6.0,3.0211153000000195,[12  2  7 17 19  3  0 15 14 16  7 10 16 20  5 15 11  1  6  4  9],10,512,15
306,256,4.0,3.0878671999998915,[12  2  7 17 19  3  0  8 14  5  7 10 16 20  5 15 11  1  6  4  9],10,512,15
307,512,3.0,3.2264906000000337,[12  2  7 17 19  3  0 18 14  5  7 10 16 20  5 15 11  1  6  4  9],10,512,15
308,0,18.0,3.2286168000000544,[16  4 10 18  6  1 15 11 14  0 12  5 12 17  2  0 14 12  4 12  4],11,512,15
309,1,17.0,3.2300429999995686,[16  4 10 18  6  1 15 11 14  0 12  5 12 17  2  0 14 12 18 12  4],11,512,15
310,2,17.0,3.230981300000167,[16  4 10 18  6  1 15 11 14  0 12  5 12 17  2  0 14 12 18 12  4],11,512,15
311,4,17.0,3.232549999999719,[16  4 10 18  6  1 15 11 14  0 12  5 12 17  2  0 14 12 18 12  4],11,512,15
312,8,17.0,3.2349569999996675,[16  4 10 18  6  1 15 11 14  0 12  5 12 17  2  0 14 12 18 12  4],11,512,15
313,16,15.0,3.239790699999503,[16  4 10 18  6  1 15 11 14  0 12  5 12 17  3  0 14 12 18 12  4],11,512,15
314,32,12.0,3.249166800000239,[16  4 10 18  6  1 15 11 14  0 12  5 12 17  3  0  3 12  7  9  4],11,512,15
315,64,11.0,3.2645589000003383,[16  4 10 18  6  1 15 11 14  0 12  5 12 17  3  0  3 12  7  9  6],11,512,15
316,128,5.0,3.2965494000000035,[16  4 10 20  6  1 15 11 14  0  7  5 12 17 19  0  3 12  2  9  6],11,512,15
317,256,4.0,3.360066399999596,[16  4 10 20  6  1 15 11 14  0  7  5 13 17 19  0  3 12  2  9  6],11,512,15
318,512,4.0,3.4984722999997757,[16  4 10 20  6  1 15 11 14  0  7  5 13 17 19  0  3 12  2  9  6],11,512,15
319,0,24.0,3.5032234999998764,[12  7 10 17 18  5  1 12 10  0  1 16  7  1  5  4 15  7 18 15 12],12,512,15
320,1,23.0,3.505246300000181,[12  7 10 17 18  5  1 12 10  0  1 16  7  1  5  4 15  7 18  6 12],12,512,15
321,2,22.0,3.50722930000029,[12  7 10 17 18  5  1 12 10  0  1 16  7  1  5 16 15  7 18  6 12],12,512,15
322,4,22.0,3.5092303000001266,[12  7 10 17 18  5  1 12 10  0  1 16  7  1  5 16 15  7 18  6 12],12,512,15
323,8,21.0,3.5124495999998544,[12  7 10 17 18  5  1 12 10  0  1 16  3  1  5 16 15  7 18  6 12],12,512,15
324,16,17.0,3.5183512000003248,[12  7 20 17 18  8  1 12 10  0  1  5  3  1  5 16 15  7 18  6 12],12,512,15
325,32,13.0,3.5280381000002308,[12  7 15 17 18  8  1  0 10  0  1  5 17  1  5 16 14  7 18  6 12],12,512,15
326,64,8.0,3.5449171999998725,[12  7 15 20 18  8  3  0 10  5  2  5 17  1  5 16 14  7 18  6  3],12,512,15
327,128,7.0,3.5752258000002257,[12 19 15 20 18  8  3  0 10  5  2  5 17  1  5 16 14  7 18  6  3],12,512,15
328,256,4.0,3.6540618999997605,[12 19 15 20 11  8  3  0 10 17  2  5 17  1  5 16 14  7 18  6  1],12,512,15
329,512,3.0,3.8177638999995906,[ 4 19 15 20 11  8  3  0 10 17  2  5 17  1  5 16 14  7 18  6  1],12,512,15
330,0,16.0,3.821083300000282,[12 17  9  1  1 13 15  6 20 20 11 13  3  3 17  2  0 16  6 15  4],13,512,15
331,1,13.0,3.822882800000116,[12 17  9  1  1 13 15  6 20 20 11 13  3  3 17  2  0 16  7 15  4],13,512,15
332,2,12.0,3.824643500000093,[12 17  9  1  1 13 15  6 20 20 11 13  3  1 17  2  0 16  7 15  4],13,512,15
333,4,12.0,3.826328299999659,[12 17  9  1  1 13 15  6 20 20 11 13  3  1 17  2  0 16  7 15  4],13,512,15
334,8,10.0,3.8292277000000468,[12 17  9  1  1 18 15  6 20 20 11 13  3  1 17  2  0 16  7 15  4],13,512,15
335,16,10.0,3.8336387999997896,[12 17  9  1  1 18 15  6 20 20 11 13  3  1 17  2  0 16  7 15  4],13,512,15
336,32,7.0,3.842415400000391,[12 17  9  1  1 18 15  6 20 20 11 13  3  1 17  2  0 16  7 19 10],13,512,15
337,64,6.0,3.859626599999501,[12 17  9  1  1 18 15  6  4 20 11 13  3  1 17  2  0 16  7 19 10],13,512,15
338,128,5.0,3.893701400000282,[12 17  9  1  1 18 15  6 14 20 11 13  3  1 17  2  0 16  7 19 10],13,512,15
339,256,5.0,3.9659265000000232,[12 17  9  1  1 18 15  6 14 20 11 13  3  1 17  2  0 16  7 19 10],13,512,15
340,512,5.0,4.09955650000029,[12 17  9  1  1 18 15  6 14 20 11 13  3  1 17  2  0 16  7 19 10],13,512,15
341,0,17.0,4.102316299999984,[ 8 11 18  0 17 13 20  0 16 10 19 14  3 14 13  0  8  6 10  1  1],14,512,15
342,1,17.0,4.103843599999891,[ 8 11 18  0 17 13 20  0 16 10 19 14  3 14 13  0  8  6 10  1  1],14,512,15
343,2,16.0,4.105392999999822,[ 8 11 18  0 17 13 20  0 16 10 19 14  3 14 13  0  8  6 10 14  1],14,512,15
344,4,16.0,4.106994300000224,[ 8 11 18  0 17 13 20  0 16 10 19 14  3 14 13  0  8  6 10 14  1],14,512,15
345,8,16.0,4.109447300000284,[ 8 11 18  0 17 13 20  0 16 10 19 14  3 14 13  0  8  6 10 14  1],14,512,15
346,16,14.0,4.115023999999721,[18 11 18  0 17 13 20  0 16 10 19 14  3 14 16  0  8  6 10 14  1],14,512,15
347,32,10.0,4.128475299999991,[18 11 18  7 17 17 20  0 16 10 19 14  3 14 16  5  8  6 10 13  1],14,512,15
348,64,6.0,4.147213799999918,[18 11  2  7  2 17 20  0 16  2 19 14  3 14 16  5  4  6 10 13  1],14,512,15
349,128,4.0,4.18244870000035,[18 11  2  7  2 17 20  0 16 15 19  8  3 14 16  5  4  6 10 13  1],14,512,15
350,256,3.0,4.251314799999818,[18 11  9  7  2 17 20  0 16 15 19  8  3 14 16  5  4  6 10 13  1],14,512,15
351,512,3.0,4.396299899999576,[18 11  9  7  2 17 20  0 16 15 19  8  3 14 16  5  4  6 10 13  1],14,512,15
352,0,19.0,4.39977429999999,[ 4  2  9  4 14 17  7 20  1  7  7  3 18 17 20  0 19 14 17 11  0],15,512,15
353,1,18.0,4.402619299999969,[ 4  2  9  4 14 17 19 20  1  7  7  3 18 17 20  0 19 14 17 11  0],15,512,15
354,2,18.0,4.404404099999738,[ 4  2  9  4 14 17 19 20  1  7  7  3 18 17 20  0 19 14 17 11  0],15,512,15
355,4,18.0,4.406052999999702,[ 4  2  9  4 14 17 19 20  1  7  7  3 18 17 20  0 19 14 17 11  0],15,512,15
356,8,17.0,4.409157299999606,[ 0  2  9  4 14 17 19 20  1  7  7  3 18 17 20  0 19 14 17 11  0],15,512,15
357,16,16.0,4.413891899999726,[ 0  2  9  4 14 17 20 20  1  7  7  3 18 17 20  0 19 14 17 11  0],15,512,15
358,32,14.0,4.426978200000121,[ 0  2  9  4 14 17 20 20  1  7  7  3 18 17  5  0 19 14 17 11  0],15,512,15
359,64,11.0,4.449637800000346,[ 0  2  9  4 14 17 20 16  1  7  6  3 18 17  5  0 19 14 15 11  0],15,512,15
360,128,8.0,4.486453499999698,[ 0  2  9  4 14 12 20 16  1  7  6  3 18 17  5  0 19  8 15  3  0],15,512,15
361,256,7.0,4.554079900000033,[ 0  2  9  4 14 12 20 16  1  7  6  3 18 17 13  0 19  8 15  3  0],15,512,15
362,512,4.0,4.694628000000193,[ 0  2  9  5 14 10 20 16  1  7  6  3 18 17 13  4 19  8 15  3  0],15,512,15
363,0,17.0,0.0010315999998056213,[ 6 19 14 10  7 20  6 18 10 10 20  3  7  2 20  1 11  5  1 20  0],0,512,20
364,1,17.0,0.003858600000057777,[ 6 19 14 10  7 20  6 18 10 10 20  3  7  2 20  1 11  5  1 20  0],0,512,20
365,2,17.0,0.006096699999943667,[ 6 19 14 10  7 20  6 18 10 10 20  3  7  2 20  1 11  5  1 20  0],0,512,20
366,4,16.0,0.009495600000263948,[ 6 19 14 10  7 20  6 18 10 10 20  3  7  2 18  1 11  5  1 20  0],0,512,20
367,8,16.0,0.013223699999798555,[ 6 19 14 10  7 20  6 18 10 10 20  3  7  2 18  1 11  5  1 20  0],0,512,20
368,16,16.0,0.018316099999537983,[ 6 19 14 10  7 20  6 18 10 10 20  3  7  2 18  1 11  5  1 20  0],0,512,20
369,32,12.0,0.029115700000147626,[ 6 19 14 10  7 20  6 18 10  3 20  3  7  2 12  1 11  5  1 20 16],0,512,20
370,64,9.0,0.04589820000001055,[ 4 19 14 10  7 20  6 18 10  3 20  3  7  2 12  1 11  5 17 20 16],0,512,20
371,128,6.0,0.07653510000000097,[ 4 19 14 10  7 20  6  0 10  3 20  3  9  2 12  1 11  5 17 20 16],0,512,20
372,256,4.0,0.14620709999962855,[ 4 19  8 10  7 14  6  0 10  3 20  3  9  2 12  1 11  5 17 20 16],0,512,20
373,512,2.0,0.28135939999992843,[ 4 19  8 10  7 14  6  0 10 20 15  3  9  2 12  1 11  5 17 20 16],0,512,20
374,0,19.0,0.2836083000001963,[17 20 16  6 16 19  8 16 19  7 16  6  0 12 18 18 16 12 15  7 18],1,512,20
375,1,19.0,0.28483539999979257,[17 20 16  6 16 19  8 16 19  7 16  6  0 12 18 18 16 12 15  7 18],1,512,20
376,2,19.0,0.2859112999994977,[17 20 16  6 16 19  8 16 19  7 16  6  0 12 18 18 16 12 15  7 18],1,512,20
377,4,19.0,0.2874079000002894,[17 20 16  6 16 19  8 16 19  7 16  6  0 12 18 18 16 12 15  7 18],1,512,20
378,8,19.0,0.29010809999999765,[17 20 16  6 16 19  8 16 19  7 16  6  0 12 18 18 16 12 15  7 18],1,512,20
379,16,16.0,0.2954684999995152,[17 20 16  6 16 19  8 16 19 10 16  6  0 12  4 18 16 12 15  7 18],1,512,20
380,32,9.0,0.31053199999951175,[17 20 13  6 16 19  8  1 19 10 16  6  0 12  4 19 16 12 15 11 18],1,512,20
381,64,8.0,0.32696969999960857,[17 20 13  6 16 19  8  1 19 10 16 17  0 12  4 19 16 12 15 11 18],1,512,20
382,128,6.0,0.3596999000001233,[17 20 13  6 16 19  8  1 18 10  1 17  0 12  4 19 16 12 15 11 18],1,512,20
383,256,6.0,0.4248554999994667,[17 20 13  6 16 19  8  1 18 10  1 17  0 12  4 19 16 12 15 11 18],1,512,20
384,512,2.0,0.5611097999999402,[ 5 20 13  6 16 19  8  1 18 10  3 17  0  9  4 19 16 12 15 11  7],1,512,20
385,0,20.0,0.5634165000001303,[ 0 20 15 11  5 19  1 13  3  0 17 12  1  8 20  1  8  0 10  2 19],2,512,20
386,1,20.0,0.564408999999614,[ 0 20 15 11  5 19  1 13  3  0 17 12  1  8 20  1  8  0 10  2 19],2,512,20
387,2,20.0,0.5653585000000021,[ 0 20 15 11  5 19  1 13  3  0 17 12  1  8 20  1  8  0 10  2 19],2,512,20
388,4,20.0,0.566762700000254,[ 0 20 15 11  5 19  1 13  3  0 17 12  1  8 20  1  8  0 10  2 19],2,512,20
389,8,15.0,0.5705367000000479,[ 0 20 15 11  5 19  1 13  3  6 17 12  1  8 16  1  8 13 10  2 19],2,512,20
390,16,11.0,0.5756731999999829,[ 0 20 15 11  5 19  1 13  3  6 17 12  1  9 16  1  8 13 10  2 19],2,512,20
391,32,10.0,0.58395819999987,[ 0 20 15 11  5 19  1 13  3  6 17 12  1  9 16  1  8  5 10  2 19],2,512,20
392,64,8.0,0.6002487999994628,[ 0 20 15 11  5 19  1 13  3  6 17 12  1  9 16  1  4 15 10  2 19],2,512,20
393,128,5.0,0.6322942999995576,[ 0 20 15 11  5 14  1 13  3  6 17 12  1  9 16 18  4  8 10  2 19],2,512,20
394,256,4.0,0.713124599999901,[ 0 20 15 11  5 14 10 13  3  6 17 12  1  9 16 18  4  8 10  2 19],2,512,20
395,512,4.0,0.8756905999998708,[ 0 20 15 11  5 14 10 13  3  6 17 12  1  9 16 18  4  8 10  2 19],2,512,20
396,0,20.0,0.8779832999998689,[ 4 16  4  3 18 20  1 10 12 14 11 20 10  6  4 16 19  8 13 11  5],3,512,20
397,1,20.0,0.8791024000001926,[ 4 16  4  3 18 20  1 10 12 14 11 20 10  6  4 16 19  8 13 11  5],3,512,20
398,2,19.0,0.8805733999997756,[ 4 16  4  3 18 20  1 10 12 14 11 20 10  6  4 16 19  8 16 11  5],3,512,20
399,4,19.0,0.8821080999996411,[ 4 16  4  3 18 20  1 10 12 14 11 20 10  6  4 16 19  8 16 11  5],3,512,20
400,8,18.0,0.8853963999999905,[ 4 16  4  3 18 20  1 10 12 14  0 20 10  6  4 16 19  8 16 11  5],3,512,20
401,16,14.0,0.891794299999674,[ 4 16  4  3 18 20  1 20 12 14  0 20  2  6 15 16 19  8 16 11  5],3,512,20
402,32,11.0,0.9007498000000851,[ 8 16  4  3 18 20  1 20 12 14  0 20  2  6 15 16 19 11 16 11  5],3,512,20
403,64,9.0,0.9177002999995238,[17  7  4  3 18 20  1 20 12 14  0 20  2  6 15 16 19 11 16 11  5],3,512,20
404,128,5.0,0.9511363000001438,[17  7  4 13 18 16  1 20 12 14  0 20  2  6 15 11 19 11 16 11  5],3,512,20
405,256,5.0,1.0170779999998558,[17  7  4 13 18 16  1 20 12 14  0 20  2  6 15 11 19 11 16 11  5],3,512,20
406,512,4.0,1.1539985999997953,[17  7  4 13 18 16  1 20 12 14  0 20  3  6 15 11 19 11 16 11  5],3,512,20
407,0,15.0,1.1563748999997188,[18 15  1  7  5 11 14  7  3 14 19 16 12 17  1 12 12 14 19  9  2],4,512,20
408,1,15.0,1.1576153999994858,[18 15  1  7  5 11 14  7  3 14 19 16 12 17  1 12 12 14 19  9  2],4,512,20
409,2,15.0,1.1594821999997293,[18 15  1  7  5 11 14  7  3 14 19 16 12 17  1 12 12 14 19  9  2],4,512,20
410,4,14.0,1.1619324000002962,[18 15  1 20  5 11 14  7  3 14 19 16 12 17  1 12 12 14 19  9  2],4,512,20
411,8,12.0,1.1654515999998694,[18 15  1 20  5 11 14  7  3 14 19 16 12 17  1  3  8 14 19  9  2],4,512,20
412,16,12.0,1.1699966999995013,[18 15  1 20  5 11 14  7  3 14 19 16 12 17  1  3  8 14 19  9  2],4,512,20
413,32,9.0,1.179872599999726,[18 15  1 20  5 11 14  7  3  4 19 16 10 17  1  3  8 14 19  9  2],4,512,20
414,64,6.0,1.1973906000002899,[12 15  1 20  6 11 14  7  3  4 19 16 10 17  5  3  8 14 19  9  2],4,512,20
415,128,5.0,1.2297607999998945,[12 15  1 20  6 11 14  7  3  4 19 16 10 17  5  0  8 14 19  9  2],4,512,20
416,256,5.0,1.2965834999995423,[12 15  1 20  6 11 14  7  3  4 19 16 10 17  5  0  8 14 19  9  2],4,512,20
417,512,5.0,1.4339263000001665,[12 15  1 20  6 11 14  7  3  4 19 16 10 17  5  0  8 14 19  9  2],4,512,20
418,0,21.0,1.436516699999629,[14 11 16  8 14 11  1  4 12 19  7 13 14 10  0 20  2 16 18 13  7],5,512,20
419,1,21.0,1.4375257000001511,[14 11 16  8 14 11  1  4 12 19  7 13 14 10  0 20  2 16 18 13  7],5,512,20
420,2,20.0,1.4389953999998397,[14 11  4  8 14 11  1  4 12 19  7 13 14 10  0 20  2 16 18 13  7],5,512,20
421,4,20.0,1.4414326999994955,[14 11  4  8 14 11  1  4 12 19  7 13 14 10  0 20  2 16 18 13  7],5,512,20
422,8,18.0,1.4449355999995532,[14 11  4  8  7 11  1  4 12 19  7 10 14 10  0 20  2 16 18 13  7],5,512,20
423,16,14.0,1.4504418999995323,[15 11 20  8  7 11  1  4 12 19  7 10 14  2  0 20  2 16 18 13  7],5,512,20
424,32,13.0,1.4595363999997062,[15 11 20  8  7 11  1  4 12 19 19 10 14  2  0 20  2 16 18 13  7],5,512,20
425,64,10.0,1.4769992999999886,[15 11 20 11  7 11  1  4 12 10 19 10 14 11  0 20  2 16 18 13  7],5,512,20
426,128,8.0,1.5079782000002524,[15 11 20 17  7 11  1  4 12 10 19  3 14 11  0 20  2 16 18 13  7],5,512,20
427,256,5.0,1.574603500000194,[15  9 20 17  7 11  1  4 12 10 19  3 14 11  7 20  2 16 18 13  8],5,512,20
428,512,3.0,1.7173302000001058,[15  9 20 17  0 11  1  4 12 10 19  3 14 11  7 20  2 16 18 13  8],5,512,20
429,0,22.0,1.7199853000001895,[13  1 11 20 15  3  7  1  9  8 14 12 16 15  1 19 19 13  2 11  7],6,512,20
430,1,22.0,1.7213409999994838,[13  1 11 20 15  3  7  1  9  8 14 12 16 15  1 19 19 13  2 11  7],6,512,20
431,2,22.0,1.7229176000000734,[13  1 11 20 15  3  7  1  9  8 14 12 16 15  1 19 19 13  2 11  7],6,512,20
432,4,21.0,1.7266612000003079,[13  1 11 20 15  3  7  1  9  8 14 14 16 15  1 19 19 13  2 11  7],6,512,20
433,8,21.0,1.7306699000000663,[13  1 11 20 15  3  7  1  9  8 14 14 16 15  1 19 19 13  2 11  7],6,512,20
434,16,17.0,1.7363580000001093,[13  1 11 20 15  3  4  1  9  8 14 14 16 15  1 18 19 13  2 11 11],6,512,20
435,32,15.0,1.7478073000002041,[13  1 11 20 15  3  4  1 10  8 14 14 16  1  1 18 19 13  2 11 11],6,512,20
436,64,10.0,1.7650968999996621,[13  1 11 20 15  6  4  1 10  8 14 17 16  1  1 18 19  5  2 11 11],6,512,20
437,128,7.0,1.7987115999994785,[13  1 11 20 15  6  4  0 10  8 14 17 16  8  1 18 19  5  2 11  9],6,512,20
438,256,5.0,1.8687739999995756,[12  1 11 20 15  6  4  0 10  8 14 17 16  3  1 18 19  5  2 11  9],6,512,20
439,512,4.0,2.032315700000254,[12  1 11 20 15  6  4  0 10  8 14 17 19  3  1 18 19  5  2 11  9],6,512,20
440,0,19.0,2.035006500000236,[11  6 15 10 13  2 18 17  9  5 12  9 17 19 15  5 12  3 13  0 19],7,512,20
441,1,17.0,2.036542499999996,[11  6 15 10  7  2 18 17  9  5 12  9 17 19 15  5 12  3 13  0 19],7,512,20
442,2,15.0,2.038055899999563,[11  6 15 10  7  2 18 17  9  5 12  1 17 19 15  5 12  3 13  0 19],7,512,20
443,4,15.0,2.0399554999994507,[11  6 15 10  7  2 18 17  9  5 12  1 17 19 15  5 12  3 13  0 19],7,512,20
444,8,14.0,2.044993599999543,[11  6  8 10  7  2 18 17  9  5 12  1 17 19 15  5 12  3 13  0 19],7,512,20
445,16,13.0,2.050248300000021,[11  6  8 10  7  2 18 17  9  5 12  1 17 19  1  5 12  3 13  0 19],7,512,20
446,32,10.0,2.0605734000000666,[11  6  8 10  7  2 18 20  9  5 12  1 17  4  1  5 12  3 13  0 19],7,512,20
447,64,6.0,2.084174599999642,[11 15  8 10  7  2 18 20  9  5 12  1 17  4  1  7  5  3 13  0 19],7,512,20
448,128,5.0,2.123487199999545,[11 15  8 10  2  2 18 20  9  5 12  1 17  4  1  7  5  3 13  0 19],7,512,20
449,256,4.0,2.198132700000315,[11 15  8 10  2  2 18 20  9  5 12  1 17  4  1  7 16  3 13  0 19],7,512,20
450,512,4.0,2.357671499999924,[11 15  8 10  2  2 18 20  9  5 12  1 17  4  1  7 16  3 13  0 19],7,512,20
451,0,24.0,2.360574700000143,[15 13 11 11 10 16  7 16 20 19 10  1  9  9 10  5  3 11 10 12  4],8,512,20
452,1,22.0,2.363753099999485,[15 13 11 11 10  0  7 16 20 19 10  1  9  9 10  5  3 11 10 12  4],8,512,20
453,2,22.0,2.3653315999999904,[15 13 11 11 10  0  7 16 20 19 10  1  9  9 10  5  3 11 10 12  4],8,512,20
454,4,20.0,2.3677044999994905,[15 13 11 11 10  0  7 16 14 19 10  1  9  9 10  5  3 11 10 12  4],8,512,20
455,8,18.0,2.3715716999995493,[15 13 11 11 10  0  7 16 14 19 10  1  9  3 10  6  3 11 10 12  4],8,512,20
456,16,17.0,2.3794802000002164,[15 13 11 11 10  0  7 16 14 17 10  1  9  3 10  6  3 11 10 12  4],8,512,20
457,32,12.0,2.389793600000303,[15  5 11 11 10  0  7 16 14 17 10  1  9  3 13  6  3 18 10 12  4],8,512,20
458,64,9.0,2.4071514999995998,[15  5 11  7 11  0 20 16 14 17 10  1  9  3 13  6  3 18 10 12  4],8,512,20
459,128,7.0,2.441763499999979,[15  5 11  7 11  0  8 16 14 17 10  1  9 16 13  6  3 18 10 12  4],8,512,20
460,256,5.0,2.5060303000000204,[15  5 18  7 11  0  8 16 14 17 20  1  9 16 13  6  3 18 10 12  4],8,512,20
461,512,5.0,2.6460534999996526,[15  5 18  7 11  0  8 16 14 17 20  1  9 16 13  6  3 18 10 12  4],8,512,20
462,0,18.0,2.6483287999999447,[ 6  3 12 11  0 20 18 20 19 17 10 19  2 16 11  9  7 14  4  3 20],9,512,20
463,1,18.0,2.649407599999904,[ 6  3 12 11  0 20 18 20 19 17 10 19  2 16 11  9  7 14  4  3 20],9,512,20
464,2,18.0,2.6503990999999587,[ 6  3 12 11  0 20 18 20 19 17 10 19  2 16 11  9  7 14  4  3 20],9,512,20
465,4,17.0,2.6524387999998,[ 6  3 12 11  0 20 18 20 19 17 10  2  2 16 11  9  7 14  4  3 20],9,512,20
466,8,17.0,2.6549090999997134,[ 6  3 12 11  0 20 18 20 19 17 10  2  2 16 11  9  7 14  4  3 20],9,512,20
467,16,15.0,2.660012700000152,[ 6  3 12 11  0 20 18 20 19 17 10  2  2 16 11  9  7 14  4  3  8],9,512,20
468,32,12.0,2.6685411999997086,[ 6  3 12  4  0 20 18 20 19 17 10  2  2 16 11  9  7 14  4  3  8],9,512,20
469,64,11.0,2.6838447999998607,[ 6  3 12  4  0 20 18 20 19 17 10  2  2 16 11  9  7 14  4  1  8],9,512,20
470,128,5.0,2.715903199999957,[ 6  3 12  4  0 20 15  5 19 17 10  6  2 16 18  9  7 14  4  1  8],9,512,20
471,256,5.0,2.7758836000002702,[ 6  3 12  4  0 20 15  5 19 17 10  6  2 16 18  9  7 14  4  1  8],9,512,20
472,512,5.0,2.914111999999477,[ 6  3 12  4  0 20 15  5 19 17 10  6  2 16 18  9  7 14  4  1  8],9,512,20
473,0,20.0,2.916196199999831,[ 2  2 19 17 19  3  0 15  7 16  7  6  7 20 11 15 11 18  9  6 11],10,512,20
474,1,18.0,2.9179181999998036,[ 2  2 19 17 19  3  0 15  7 16  7  6  7 20 11 15 11 18  9  4 11],10,512,20
475,2,18.0,2.919076099999984,[ 2  2 19 17 19  3  0 15  7 16  7  6  7 20 11 15 11 18  9  4 11],10,512,20
476,4,18.0,2.920621199999914,[ 2  2 19 17 19  3  0 15  7 16  7  6  7 20 11 15 11 18  9  4 11],10,512,20
477,8,18.0,2.923072499999762,[ 2  2 19 17 19  3  0 15  7 16  7  6  7 20 11 15 11 18  9  4 11],10,512,20
478,16,15.0,2.9280481999994663,[ 2  2 19 17 19  3  0 15  7 16  7 10  7 20 11 15 11 18  6  4 11],10,512,20
479,32,12.0,2.9375896999999895,[12  2  7 17 19  3  0 15  7 16  7 10  7 20 11 15 11 18  6  4  9],10,512,20
480,64,7.0,2.954034800000045,[12  2  7 17 19  3  0 15 14 16  7 10 16 20  5 15 11 18  6  4  9],10,512,20
481,128,6.0,2.9840949999997974,[12  2  7 17 19  3  0 15 14 16  7 10 16 20  5 15 11  1  6  4  9],10,512,20
482,256,4.0,3.0502807000002576,[12  2  7 17 19  3  0  8 14  5  7 10 16 20  5 15 11  1  6  4  9],10,512,20
483,512,3.0,3.1837531999999555,[12  2  7 17 19  3  0 18 14  5  7 10 16 20  5 15 11  1  6  4  9],10,512,20
484,0,18.0,3.18604409999989,[16  4 10 18  6  1 15 11 14  0 12  5 12 17  2  0 14 12  4 12  4],11,512,20
485,1,17.0,3.1874903999996604,[16  4 10 18  6  1 15 11 14  0 12  5 12 17  2  0 14 12 18 12  4],11,512,20
486,2,17.0,3.188430399999561,[16  4 10 18  6  1 15 11 14  0 12  5 12 17  2  0 14 12 18 12  4],11,512,20
487,4,17.0,3.1900745000002644,[16  4 10 18  6  1 15 11 14  0 12  5 12 17  2  0 14 12 18 12  4],11,512,20
488,8,17.0,3.1930553000001964,[16  4 10 18  6  1 15 11 14  0 12  5 12 17  2  0 14 12 18 12  4],11,512,20
489,16,15.0,3.197619499999746,[16  4 10 18  6  1 15 11 14  0 12  5 12 17  3  0 14 12 18 12  4],11,512,20
490,32,12.0,3.206759300000158,[16  4 10 18  6  1 15 11 14  0 12  5 12 17  3  0  3 12  7  9  4],11,512,20
491,64,11.0,3.2223611999997956,[16  4 10 18  6  1 15 11 14  0 12  5 12 17  3  0  3 12  7  9  6],11,512,20
492,128,5.0,3.254121899999518,[16  4 10 20  6  1 15 11 14  0  7  5 12 17 19  0  3 12  2  9  6],11,512,20
493,256,4.0,3.313217899999472,[16  4 10 20  6  1 15 11 14  0  7  5 13 17 19  0  3 12  2  9  6],11,512,20
494,512,4.0,3.4417242999998052,[16  4 10 20  6  1 15 11 14  0  7  5 13 17 19  0  3 12  2  9  6],11,512,20
495,0,24.0,3.4439229999998133,[12  7 10 17 18  5  1 12 10  0  1 16  7  1  5  4 15  7 18 15 12],12,512,20
496,1,23.0,3.445574100000158,[12  7 10 17 18  5  1 12 10  0  1 16  7  1  5  4 15  7 18  6 12],12,512,20
497,2,22.0,3.4471137000000454,[12  7 10 17 18  5  1 12 10  0  1 16  7  1  5 16 15  7 18  6 12],12,512,20
498,4,22.0,3.4486074999995253,[12  7 10 17 18  5  1 12 10  0  1 16  7  1  5 16 15  7 18  6 12],12,512,20
499,8,21.0,3.4514571999998225,[12  7 10 17 18  5  1 12 10  0  1 16  3  1  5 16 15  7 18  6 12],12,512,20
500,16,17.0,3.457084599999689,[12  7 20 17 18  8  1 12 10  0  1  5  3  1  5 16 15  7 18  6 12],12,512,20
501,32,13.0,3.4668443999999,[12  7 15 17 18  8  1  0 10  0  1  5 17  1  5 16 14  7 18  6 12],12,512,20
502,64,8.0,3.484969600000113,[12  7 15 20 18  8  3  0 10  5  2  5 17  1  5 16 14  7 18  6  3],12,512,20
503,128,7.0,3.5180179999997563,[12 19 15 20 18  8  3  0 10  5  2  5 17  1  5 16 14  7 18  6  3],12,512,20
504,256,4.0,3.5856449000002613,[12 19 15 20 11  8  3  0 10 17  2  5 17  1  5 16 14  7 18  6  1],12,512,20
505,512,3.0,3.7184297000003426,[ 4 19 15 20 11  8  3  0 10 17  2  5 17  1  5 16 14  7 18  6  1],12,512,20
506,0,16.0,3.7207673000002615,[12 17  9  1  1 13 15  6 20 20 11 13  3  3 17  2  0 16  6 15  4],13,512,20
507,1,13.0,3.722182800000155,[12 17  9  1  1 13 15  6 20 20 11 13  3  3 17  2  0 16  7 15  4],13,512,20
508,2,12.0,3.7237512000001516,[12 17  9  1  1 13 15  6 20 20 11 13  3  1 17  2  0 16  7 15  4],13,512,20
509,4,12.0,3.725401300000158,[12 17  9  1  1 13 15  6 20 20 11 13  3  1 17  2  0 16  7 15  4],13,512,20
510,8,10.0,3.7283840000000055,[12 17  9  1  1 18 15  6 20 20 11 13  3  1 17  2  0 16  7 15  4],13,512,20
511,16,10.0,3.732574300000124,[12 17  9  1  1 18 15  6 20 20 11 13  3  1 17  2  0 16  7 15  4],13,512,20
512,32,7.0,3.741144399999939,[12 17  9  1  1 18 15  6 20 20 11 13  3  1 17  2  0 16  7 19 10],13,512,20
513,64,6.0,3.75664179999967,[12 17  9  1  1 18 15  6  4 20 11 13  3  1 17  2  0 16  7 19 10],13,512,20
514,128,5.0,3.7888786000003165,[12 17  9  1  1 18 15  6 14 20 11 13  3  1 17  2  0 16  7 19 10],13,512,20
515,256,5.0,3.8554189999995288,[12 17  9  1  1 18 15  6 14 20 11 13  3  1 17  2  0 16  7 19 10],13,512,20
516,512,5.0,3.9862131999998383,[12 17  9  1  1 18 15  6 14 20 11 13  3  1 17  2  0 16  7 19 10],13,512,20
517,0,17.0,3.988647299999684,[ 8 11 18  0 17 13 20  0 16 10 19 14  3 14 13  0  8  6 10  1  1],14,512,20
518,1,17.0,3.9897291999996014,[ 8 11 18  0 17 13 20  0 16 10 19 14  3 14 13  0  8  6 10  1  1],14,512,20
519,2,16.0,3.991092700000081,[ 8 11 18  0 17 13 20  0 16 10 19 14  3 14 13  0  8  6 10 14  1],14,512,20
520,4,16.0,3.9927883000000293,[ 8 11 18  0 17 13 20  0 16 10 19 14  3 14 13  0  8  6 10 14  1],14,512,20
521,8,16.0,3.995745199999874,[ 8 11 18  0 17 13 20  0 16 10 19 14  3 14 13  0  8  6 10 14  1],14,512,20
522,16,14.0,4.000986199999716,[18 11 18  0 17 13 20  0 16 10 19 14  3 14 16  0  8  6 10 14  1],14,512,20
523,32,10.0,4.0122786000001724,[18 11 18  7 17 17 20  0 16 10 19 14  3 14 16  5  8  6 10 13  1],14,512,20
524,64,6.0,4.0294772999995985,[18 11  2  7  2 17 20  0 16  2 19 14  3 14 16  5  4  6 10 13  1],14,512,20
525,128,4.0,4.062357900000279,[18 11  2  7  2 17 20  0 16 15 19  8  3 14 16  5  4  6 10 13  1],14,512,20
526,256,3.0,4.127108699999553,[18 11  9  7  2 17 20  0 16 15 19  8  3 14 16  5  4  6 10 13  1],14,512,20
527,512,3.0,4.267774799999643,[18 11  9  7  2 17 20  0 16 15 19  8  3 14 16  5  4  6 10 13  1],14,512,20
528,0,19.0,4.270373100000143,[ 4  2  9  4 14 17  7 20  1  7  7  3 18 17 20  0 19 14 17 11  0],15,512,20
529,1,18.0,4.272053800000322,[ 4  2  9  4 14 17 19 20  1  7  7  3 18 17 20  0 19 14 17 11  0],15,512,20
530,2,18.0,4.27370559999963,[ 4  2  9  4 14 17 19 20  1  7  7  3 18 17 20  0 19 14 17 11  0],15,512,20
531,4,18.0,4.275396799999726,[ 4  2  9  4 14 17 19 20  1  7  7  3 18 17 20  0 19 14 17 11  0],15,512,20
532,8,17.0,4.279164100000344,[ 0  2  9  4 14 17 19 20  1  7  7  3 18 17 20  0 19 14 17 11  0],15,512,20
533,16,16.0,4.283875899999657,[ 0  2  9  4 14 17 20 20  1  7  7  3 18 17 20  0 19 14 17 11  0],15,512,20
534,32,14.0,4.292827399999624,[ 0  2  9  4 14 17 20 20  1  7  7  3 18 17  5  0 19 14 17 11  0],15,512,20
535,64,11.0,4.309399400000075,[ 0  2  9  4 14 17 20 16  1  7  6  3 18 17  5  0 19 14 15 11  0],15,512,20
536,128,8.0,4.341013999999632,[ 0  2  9  4 14 12 20 16  1  7  6  3 18 17  5  0 19  8 15  3  0],15,512,20
537,256,7.0,4.408599100000174,[ 0  2  9  4 14 12 20 16  1  7  6  3 18 17 13  0 19  8 15  3  0],15,512,20
538,512,4.0,4.548362300000008,[ 0  2  9  5 14 10 20 16  1  7  6  3 18 17 13  4 19  8 15  3  0],15,512,20
539,0,20.0,4.551413099999991,[15 14 19  1 15 16 14  2  3 11  4 16  5  9 17  9  5  5 19 14  3],16,512,20
540,1,20.0,4.552777500000047,[15 14 19  1 15 16 14  2  3 11  4 16  5  9 17  9  5  5 19 14  3],16,512,20
541,2,20.0,4.553838699999687,[15 14 19  1 15 16 14  2  3 11  4 16  5  9 17  9  5  5 19 14  3],16,512,20
542,4,17.0,4.555861799999548,[15 14 19  1 15 16 14  2  3 11  4 16  5  9 17  9 13  5 19 14  3],16,512,20
543,8,17.0,4.558356399999866,[15 14 19  1 15 16 14  2  3 11  4 16  5  9 17  9 13  5 19 14  3],16,512,20
544,16,14.0,4.565671700000166,[15 14 19  1 15 16 14  2 17 11  4 16  5  5 17  9 13  5 19 14  3],16,512,20
545,32,10.0,4.575456900000063,[16 14 19  1 15  0 14  2 17 11  4 16  5  5 17  9 13  5 19 15  3],16,512,20
546,64,8.0,4.593938400000297,[16  7 19  1 15  0 20  2 17 11  4 16  5  5 17  9 13  5 19 15  3],16,512,20
547,128,6.0,4.627229400000033,[12  7 19  1 15  0 20  2 17 11  4 16  5  5 17  9 13  5 18 15  3],16,512,20
548,256,5.0,4.6883318000000145,[12  7 19  1 15  0 20  8 17 11  4 16  5  5 17  9 13  5 18 15  3],16,512,20
549,512,5.0,4.823633199999676,[12  7 19  1 15  0 20  8 17 11  4 16  5  5 17  9 13  5 18 15  3],16,512,20
550,0,21.0,4.826367499999833,[17 13 12  6  7 17  6 19 16 15 10 18  0 20  7  0  8 18 20  8 20],17,512,20
551,1,21.0,4.828120999999555,[17 13 12  6  7 17  6 19 16 15 10 18  0 20  7  0  8 18 20  8 20],17,512,20
552,2,21.0,4.829444199999671,[17 13 12  6  7 17  6 19 16 15 10 18  0 20  7  0  8 18 20  8 20],17,512,20
553,4,21.0,4.830938399999468,[17 13 12  6  7 17  6 19 16 15 10 18  0 20  7  0  8 18 20  8 20],17,512,20
554,8,18.0,4.834240899999713,[17 13 12  6 18  4  6 19 16 15 10 18  0 20  7  0  8 18 20  8 20],17,512,20
555,16,13.0,4.84056849999979,[17 13 12  6 18  4  6  1 16 14 10 18  0  9  7  0  8 18 15  8 20],17,512,20
556,32,8.0,4.850208300000304,[17 13 12  6 18  4 19  1 16 14 10  2  0  9  7  0  8 18 15  8 20],17,512,20
557,64,8.0,4.8664466999998695,[17 13 12  6 18  4 19  1 16 14 10  2  0  9  7  0  8 18 15  8 20],17,512,20
558,128,7.0,4.899607000000287,[17 13 12  6 18  4 19  1 16 14 10  2  0  9  7  0  0 18 15  8 20],17,512,20
559,256,5.0,4.968235800000002,[17 13 12  6  2  4 19  1 16 14 10  2  0  9  7  0  3 18 15  8 20],17,512,20
560,512,4.0,5.110036399999444,[17 13 12  6  2 11 19  1 16 14 10  2  0  9  7  0  3 18 15  8 20],17,512,20
561,0,15.0,5.112350299999889,[17  5 13 17 16  8 12 15 20  9  9  3 11  7 14 20 18 14  7  7 18],18,512,20
562,1,14.0,5.1138615999998365,[17  5 13 17 16  8 12 15 16  9  9  3 11  7 14 20 18 14  7  7 18],18,512,20
563,2,14.0,5.114929200000006,[17  5 13 17 16  8 12 15 16  9  9  3 11  7 14 20 18 14  7  7 18],18,512,20
564,4,14.0,5.116494599999896,[17  5 13 17 16  8 12 15 16  9  9  3 11  7 14 20 18 14  7  7 18],18,512,20
565,8,14.0,5.118972299999768,[17  5 13 17 16  8 12 15 16  9  9  3 11  7 14 20 18 14  7  7 18],18,512,20
566,16,11.0,5.124552000000222,[17  5 13 17 16  8 12 15 16  6  9  3 11 20 14 20 18 14  7  7 18],18,512,20
567,32,8.0,5.133131999999932,[17  5 13 17  0  8 12 15 16  6  9  3 11 20 14 20 18 14  7  7 10],18,512,20
568,64,6.0,5.149022900000091,[17  5 13 17  0  8  4 15 16  6  9  3 11 20 14 20 18 12  7  7 10],18,512,20
569,128,5.0,5.182964699999502,[17  5 13 17  0  8  4 15 16  6  9  3 11 19 14 20 18 12  7  7 10],18,512,20
570,256,3.0,5.250987899999927,[17  5 13 17  0  8  4  1 16  2  9  3 11 19 14 20 18 12  7  7 10],18,512,20
571,512,2.0,5.392995600000177,[17  5 13 15  0  8  4  1 16  2  9  3 11 19 14 20 18 12  7  7 10],18,512,20
572,0,15.0,5.395453799999814,[10  1 15  3  4  6  5  9 13  7 13 13 19  2  0  8  8  1 15  7  5],19,512,20
573,1,15.0,5.3965046000002985,[10  1 15  3  4  6  5  9 13  7 13 13 19  2  0  8  8  1 15  7  5],19,512,20
574,2,14.0,5.397948199999519,[10  1 15  3  4  6  5  9 13  7 13 13 19  2  0  8  8  1 14  7  5],19,512,20
575,4,14.0,5.399515099999917,[10  1 15  3  4  6  5  9 13  7 13 13 19  2  0  8  8  1 14  7  5],19,512,20
576,8,12.0,5.402781199999481,[10  1 15  3  4  6  5  9 13  7 17 12 19  2  0  8  8  1 14  7  5],19,512,20
577,16,10.0,5.407883099999708,[10  7 15  3  4  6  5  9 13  3 17 12 19  2  0  8  8  1 14  7  5],19,512,20
578,32,8.0,5.416585400000258,[10 19 15  0  4  6  5  9 13  3 17 12 19  2  0  8  8  1 14  7  5],19,512,20
579,64,7.0,5.432480800000121,[10 18 15  0  4  6  5  9 13  3 17 12 19  2  0  8  8  1 14  7  5],19,512,20
580,128,6.0,5.462796199999502,[10 18 15  0  4  6  5  9 13  3 17 12 19  2  0 20  8  1 14  7  5],19,512,20
581,256,4.0,5.52612979999958,[10 18 15  0  4  6 14  9 13  3 17 12 19  2  0 20  8  1 16  7  5],19,512,20
582,512,4.0,5.657581899999968,[10 18 15  0  4  6 14  9 13  3 17 12 19  2  0 20  8  1 16  7  5],19,512,20
583,0,15.0,5.660152200000084,[17  5  6 16 11 16 17 13 10  1 20  0 10  1 15  2 19  0 20 19  7],20,512,20
584,1,14.0,5.662112099999831,[17  5  6 16 11 16 17 13 10  1 20  0 10  1 15  2 19  0  0 19  7],20,512,20
585,2,14.0,5.663190399999621,[17  5  6 16 11 16 17 13 10  1 20  0 10  1 15  2 19  0  0 19  7],20,512,20
586,4,14.0,5.664566100000229,[17  5  6 16 11 16 17 13 10  1 20  0 10  1 15  2 19  0  0 19  7],20,512,20
587,8,14.0,5.666933399999834,[17  5  6 16 11 16 17 13 10  1 20  0 10  1 15  2 19  0  0 19  7],20,512,20
588,16,13.0,5.671463399999993,[20  5  6 16 11 16 17 13 10  1 20  0 10  1 15  2 19  0  0 19  7],20,512,20
589,32,9.0,5.680540100000144,[20  5  6 16 11  0 17 13 10  1 20  0 10  1 15  2 19 11  8 19  7],20,512,20
590,64,8.0,5.697885399999905,[20  5  6 16 11  0 17 13  4  1 20  0 10  1 15  2 19 11  8 19  7],20,512,20
591,128,4.0,5.7292027000003145,[ 3  5  6 16 11  0 17 13  4  1 20  0 10  1 15  2 18 14  8 19  7],20,512,20
592,256,4.0,5.789256099999875,[ 3  5  6 16 11  0 17 13  4  1 20  0 10  1 15  2 18 14  8 19  7],20,512,20
593,512,3.0,5.924387899999601,[ 3  5  6 16 11  0 17 13  4  1 20  0 10  1 15  9 18 14  8 19  7],20,512,20
