,Iteration,Fitness,Time,State,pop_size,keep_pct,max_iters,Population Size,Keep Percent
0,0,11.0,0.0005043999999543303,[0 1 0 0 0 1 0 0 0 1 0 0 0 0 1 0 1 1 1 0 1],100,0.2,512,100,0.2
1,1,18.0,0.2175294999997277,[0. 1. 0. 1. 0. 1. 0. 0. 1. 0. 0. 1. 0. 1. 0. 1. 0. 1. 0. 1. 0.],100,0.2,512,100,0.2
2,2,20.0,0.3485270999999557,[1. 0. 1. 0. 1. 0. 1. 0. 1. 0. 1. 0. 1. 0. 1. 0. 1. 0. 1. 0. 1.],100,0.2,512,100,0.2
3,4,20.0,0.3485270999999557,[1. 0. 1. 0. 1. 0. 1. 0. 1. 0. 1. 0. 1. 0. 1. 0. 1. 0. 1. 0. 1.],100,0.2,512,100,0.2
4,8,20.0,0.3485270999999557,[1. 0. 1. 0. 1. 0. 1. 0. 1. 0. 1. 0. 1. 0. 1. 0. 1. 0. 1. 0. 1.],100,0.2,512,100,0.2
5,16,20.0,0.3485270999999557,[1. 0. 1. 0. 1. 0. 1. 0. 1. 0. 1. 0. 1. 0. 1. 0. 1. 0. 1. 0. 1.],100,0.2,512,100,0.2
6,32,20.0,0.3485270999999557,[1. 0. 1. 0. 1. 0. 1. 0. 1. 0. 1. 0. 1. 0. 1. 0. 1. 0. 1. 0. 1.],100,0.2,512,100,0.2
7,64,20.0,0.3485270999999557,[1. 0. 1. 0. 1. 0. 1. 0. 1. 0. 1. 0. 1. 0. 1. 0. 1. 0. 1. 0. 1.],100,0.2,512,100,0.2
8,128,20.0,0.3485270999999557,[1. 0. 1. 0. 1. 0. 1. 0. 1. 0. 1. 0. 1. 0. 1. 0. 1. 0. 1. 0. 1.],100,0.2,512,100,0.2
9,256,20.0,0.3485270999999557,[1. 0. 1. 0. 1. 0. 1. 0. 1. 0. 1. 0. 1. 0. 1. 0. 1. 0. 1. 0. 1.],100,0.2,512,100,0.2
10,512,20.0,0.3485270999999557,[1. 0. 1. 0. 1. 0. 1. 0. 1. 0. 1. 0. 1. 0. 1. 0. 1. 0. 1. 0. 1.],100,0.2,512,100,0.2
11,0,11.0,0.0004622999995262944,[0 1 0 0 0 1 0 0 0 1 0 0 0 0 1 0 1 1 1 0 1],100,0.4,512,100,0.4
12,1,15.0,0.1354074999999284,[1. 0. 1. 0. 1. 0. 0. 0. 1. 1. 0. 0. 1. 1. 0. 1. 0. 1. 0. 1. 0.],100,0.4,512,100,0.4
13,2,18.0,0.2611555999992561,[1. 0. 0. 1. 0. 1. 0. 1. 0. 1. 0. 1. 1. 0. 1. 0. 1. 0. 1. 0. 1.],100,0.4,512,100,0.4
14,4,18.0,0.5336731999996118,[1. 0. 0. 1. 0. 1. 0. 1. 0. 1. 0. 1. 1. 0. 1. 0. 1. 0. 1. 0. 1.],100,0.4,512,100,0.4
15,8,19.0,1.1155912999993234,[1. 0. 1. 0. 1. 0. 1. 0. 1. 0. 1. 0. 1. 0. 1. 0. 1. 0. 0. 1. 0.],100,0.4,512,100,0.4
16,16,19.0,2.228022699999201,[1. 0. 1. 0. 1. 0. 1. 0. 1. 0. 1. 0. 1. 0. 1. 0. 1. 0. 0. 1. 0.],100,0.4,512,100,0.4
17,32,19.0,4.361049599999205,[1. 0. 1. 0. 1. 0. 1. 0. 1. 0. 1. 0. 1. 0. 1. 0. 1. 0. 0. 1. 0.],100,0.4,512,100,0.4
18,64,19.0,8.729545799999869,[1. 0. 1. 0. 1. 0. 1. 0. 1. 0. 1. 0. 1. 0. 1. 0. 1. 0. 0. 1. 0.],100,0.4,512,100,0.4
19,128,19.0,17.670202099999187,[1. 0. 1. 0. 1. 0. 1. 0. 1. 0. 1. 0. 1. 0. 1. 0. 1. 0. 0. 1. 0.],100,0.4,512,100,0.4
20,256,19.0,35.16151549999995,[1. 0. 1. 0. 1. 0. 1. 0. 1. 0. 1. 0. 1. 0. 1. 0. 1. 0. 0. 1. 0.],100,0.4,512,100,0.4
21,512,19.0,69.4937031999998,[1. 0. 1. 0. 1. 0. 1. 0. 1. 0. 1. 0. 1. 0. 1. 0. 1. 0. 0. 1. 0.],100,0.4,512,100,0.4
22,0,11.0,0.0007510000004913309,[0 1 0 0 0 1 0 0 0 1 0 0 0 0 1 0 1 1 1 0 1],100,0.6,512,100,0.6
23,1,17.0,0.14154520000010962,[0. 1. 1. 0. 1. 0. 1. 1. 0. 1. 0. 1. 0. 1. 1. 0. 1. 0. 1. 0. 1.],100,0.6,512,100,0.6
24,2,18.0,0.28312650000043504,[0. 1. 0. 1. 0. 1. 1. 0. 0. 1. 0. 1. 0. 1. 0. 1. 0. 1. 0. 1. 0.],100,0.6,512,100,0.6
25,4,18.0,0.5778522000000521,[0. 1. 0. 1. 0. 1. 1. 0. 0. 1. 0. 1. 0. 1. 0. 1. 0. 1. 0. 1. 0.],100,0.6,512,100,0.6
26,8,19.0,1.1419234000004508,[1. 0. 1. 0. 1. 0. 1. 0. 1. 0. 1. 0. 0. 1. 0. 1. 0. 1. 0. 1. 0.],100,0.6,512,100,0.6
27,16,19.0,2.240898400000333,[1. 0. 1. 0. 1. 0. 1. 0. 1. 0. 1. 0. 0. 1. 0. 1. 0. 1. 0. 1. 0.],100,0.6,512,100,0.6
28,32,19.0,4.304268100000627,[1. 0. 1. 0. 1. 0. 1. 0. 1. 0. 1. 0. 0. 1. 0. 1. 0. 1. 0. 1. 0.],100,0.6,512,100,0.6
29,64,19.0,8.816179700000248,[1. 0. 1. 0. 1. 0. 1. 0. 1. 0. 1. 0. 0. 1. 0. 1. 0. 1. 0. 1. 0.],100,0.6,512,100,0.6
30,128,19.0,17.123641600000155,[1. 0. 1. 0. 1. 0. 1. 0. 1. 0. 1. 0. 0. 1. 0. 1. 0. 1. 0. 1. 0.],100,0.6,512,100,0.6
31,256,19.0,35.70751460000065,[1. 0. 1. 0. 1. 0. 1. 0. 1. 0. 1. 0. 0. 1. 0. 1. 0. 1. 0. 1. 0.],100,0.6,512,100,0.6
32,512,19.0,72.75226070000008,[1. 0. 1. 0. 1. 0. 1. 0. 1. 0. 1. 0. 0. 1. 0. 1. 0. 1. 0. 1. 0.],100,0.6,512,100,0.6
33,0,11.0,0.0003863000001729233,[0 1 0 0 0 1 0 0 0 1 0 0 0 0 1 0 1 1 1 0 1],100,0.8,512,100,0.8
34,1,15.0,0.13696000000072672,[1. 1. 0. 1. 0. 0. 0. 1. 0. 0. 1. 0. 1. 0. 1. 0. 0. 1. 0. 1. 0.],100,0.8,512,100,0.8
35,2,17.0,0.2994760999999926,[0. 1. 0. 1. 0. 0. 1. 0. 1. 0. 1. 0. 0. 1. 0. 1. 0. 1. 0. 0. 1.],100,0.8,512,100,0.8
36,4,17.0,0.6146670000007362,[0. 1. 0. 1. 0. 0. 1. 0. 1. 0. 1. 0. 0. 1. 0. 1. 0. 1. 0. 0. 1.],100,0.8,512,100,0.8
37,8,17.0,1.2067922000005638,[0. 1. 0. 1. 0. 0. 1. 0. 1. 0. 1. 0. 0. 1. 0. 1. 0. 1. 0. 0. 1.],100,0.8,512,100,0.8
38,16,18.0,2.3070282000007865,[0. 1. 0. 1. 0. 0. 1. 0. 1. 0. 1. 0. 0. 1. 0. 1. 0. 1. 0. 1. 0.],100,0.8,512,100,0.8
39,32,18.0,5.182115200000226,[0. 1. 0. 1. 0. 0. 1. 0. 1. 0. 1. 0. 0. 1. 0. 1. 0. 1. 0. 1. 0.],100,0.8,512,100,0.8
40,64,18.0,10.58972520000043,[0. 1. 0. 1. 0. 0. 1. 0. 1. 0. 1. 0. 0. 1. 0. 1. 0. 1. 0. 1. 0.],100,0.8,512,100,0.8
41,128,18.0,20.832315800000288,[0. 1. 0. 1. 0. 0. 1. 0. 1. 0. 1. 0. 0. 1. 0. 1. 0. 1. 0. 1. 0.],100,0.8,512,100,0.8
42,256,18.0,38.21250790000067,[0. 1. 0. 1. 0. 0. 1. 0. 1. 0. 1. 0. 0. 1. 0. 1. 0. 1. 0. 1. 0.],100,0.8,512,100,0.8
43,512,18.0,75.38045480000073,[0. 1. 0. 1. 0. 0. 1. 0. 1. 0. 1. 0. 0. 1. 0. 1. 0. 1. 0. 1. 0.],100,0.8,512,100,0.8
44,0,11.0,0.0006905999998707557,[0 1 0 0 0 1 0 0 0 1 0 0 0 0 1 0 1 1 1 0 1],200,0.2,512,200,0.2
45,1,16.0,0.13966329999857408,[1. 1. 0. 1. 1. 0. 1. 0. 1. 0. 1. 1. 0. 1. 0. 1. 0. 1. 0. 0. 1.],200,0.2,512,200,0.2
46,2,19.0,0.30679349999991246,[0. 1. 1. 0. 1. 0. 1. 0. 1. 0. 1. 0. 1. 0. 1. 0. 1. 0. 1. 0. 1.],200,0.2,512,200,0.2
47,4,20.0,0.4583206999996037,[0. 1. 0. 1. 0. 1. 0. 1. 0. 1. 0. 1. 0. 1. 0. 1. 0. 1. 0. 1. 0.],200,0.2,512,200,0.2
48,8,20.0,0.4583206999996037,[0. 1. 0. 1. 0. 1. 0. 1. 0. 1. 0. 1. 0. 1. 0. 1. 0. 1. 0. 1. 0.],200,0.2,512,200,0.2
49,16,20.0,0.4583206999996037,[0. 1. 0. 1. 0. 1. 0. 1. 0. 1. 0. 1. 0. 1. 0. 1. 0. 1. 0. 1. 0.],200,0.2,512,200,0.2
50,32,20.0,0.4583206999996037,[0. 1. 0. 1. 0. 1. 0. 1. 0. 1. 0. 1. 0. 1. 0. 1. 0. 1. 0. 1. 0.],200,0.2,512,200,0.2
51,64,20.0,0.4583206999996037,[0. 1. 0. 1. 0. 1. 0. 1. 0. 1. 0. 1. 0. 1. 0. 1. 0. 1. 0. 1. 0.],200,0.2,512,200,0.2
52,128,20.0,0.4583206999996037,[0. 1. 0. 1. 0. 1. 0. 1. 0. 1. 0. 1. 0. 1. 0. 1. 0. 1. 0. 1. 0.],200,0.2,512,200,0.2
53,256,20.0,0.4583206999996037,[0. 1. 0. 1. 0. 1. 0. 1. 0. 1. 0. 1. 0. 1. 0. 1. 0. 1. 0. 1. 0.],200,0.2,512,200,0.2
54,512,20.0,0.4583206999996037,[0. 1. 0. 1. 0. 1. 0. 1. 0. 1. 0. 1. 0. 1. 0. 1. 0. 1. 0. 1. 0.],200,0.2,512,200,0.2
55,0,11.0,0.0002777999998215819,[0 1 0 0 0 1 0 0 0 1 0 0 0 0 1 0 1 1 1 0 1],200,0.4,512,200,0.4
56,1,18.0,0.145247799999197,[1. 0. 0. 1. 0. 1. 0. 1. 0. 1. 0. 1. 0. 1. 0. 1. 1. 0. 1. 0. 1.],200,0.4,512,200,0.4
57,2,19.0,0.2852417999984027,[1. 0. 1. 0. 1. 0. 1. 0. 1. 0. 1. 0. 1. 0. 1. 0. 1. 0. 0. 1. 0.],200,0.4,512,200,0.4
58,4,20.0,0.5483562999997957,[0. 1. 0. 1. 0. 1. 0. 1. 0. 1. 0. 1. 0. 1. 0. 1. 0. 1. 0. 1. 0.],200,0.4,512,200,0.4
59,8,20.0,0.5483562999997957,[0. 1. 0. 1. 0. 1. 0. 1. 0. 1. 0. 1. 0. 1. 0. 1. 0. 1. 0. 1. 0.],200,0.4,512,200,0.4
60,16,20.0,0.5483562999997957,[0. 1. 0. 1. 0. 1. 0. 1. 0. 1. 0. 1. 0. 1. 0. 1. 0. 1. 0. 1. 0.],200,0.4,512,200,0.4
61,32,20.0,0.5483562999997957,[0. 1. 0. 1. 0. 1. 0. 1. 0. 1. 0. 1. 0. 1. 0. 1. 0. 1. 0. 1. 0.],200,0.4,512,200,0.4
62,64,20.0,0.5483562999997957,[0. 1. 0. 1. 0. 1. 0. 1. 0. 1. 0. 1. 0. 1. 0. 1. 0. 1. 0. 1. 0.],200,0.4,512,200,0.4
63,128,20.0,0.5483562999997957,[0. 1. 0. 1. 0. 1. 0. 1. 0. 1. 0. 1. 0. 1. 0. 1. 0. 1. 0. 1. 0.],200,0.4,512,200,0.4
64,256,20.0,0.5483562999997957,[0. 1. 0. 1. 0. 1. 0. 1. 0. 1. 0. 1. 0. 1. 0. 1. 0. 1. 0. 1. 0.],200,0.4,512,200,0.4
65,512,20.0,0.5483562999997957,[0. 1. 0. 1. 0. 1. 0. 1. 0. 1. 0. 1. 0. 1. 0. 1. 0. 1. 0. 1. 0.],200,0.4,512,200,0.4
66,0,11.0,0.0007167000003391877,[0 1 0 0 0 1 0 0 0 1 0 0 0 0 1 0 1 1 1 0 1],200,0.6,512,200,0.6
67,1,16.0,0.14271569999982603,[0. 1. 0. 1. 0. 0. 0. 1. 1. 0. 1. 0. 1. 0. 1. 0. 0. 1. 0. 1. 0.],200,0.6,512,200,0.6
68,2,17.0,0.30494419999922684,[1. 0. 1. 0. 1. 0. 1. 0. 1. 0. 1. 0. 1. 0. 1. 0. 0. 1. 0. 0. 0.],200,0.6,512,200,0.6
69,4,19.0,0.579689000000144,[1. 0. 1. 0. 1. 0. 1. 0. 1. 0. 1. 1. 0. 1. 0. 1. 0. 1. 0. 1. 0.],200,0.6,512,200,0.6
70,8,20.0,1.0006601000004594,[0. 1. 0. 1. 0. 1. 0. 1. 0. 1. 0. 1. 0. 1. 0. 1. 0. 1. 0. 1. 0.],200,0.6,512,200,0.6
71,16,20.0,1.0006601000004594,[0. 1. 0. 1. 0. 1. 0. 1. 0. 1. 0. 1. 0. 1. 0. 1. 0. 1. 0. 1. 0.],200,0.6,512,200,0.6
72,32,20.0,1.0006601000004594,[0. 1. 0. 1. 0. 1. 0. 1. 0. 1. 0. 1. 0. 1. 0. 1. 0. 1. 0. 1. 0.],200,0.6,512,200,0.6
73,64,20.0,1.0006601000004594,[0. 1. 0. 1. 0. 1. 0. 1. 0. 1. 0. 1. 0. 1. 0. 1. 0. 1. 0. 1. 0.],200,0.6,512,200,0.6
74,128,20.0,1.0006601000004594,[0. 1. 0. 1. 0. 1. 0. 1. 0. 1. 0. 1. 0. 1. 0. 1. 0. 1. 0. 1. 0.],200,0.6,512,200,0.6
75,256,20.0,1.0006601000004594,[0. 1. 0. 1. 0. 1. 0. 1. 0. 1. 0. 1. 0. 1. 0. 1. 0. 1. 0. 1. 0.],200,0.6,512,200,0.6
76,512,20.0,1.0006601000004594,[0. 1. 0. 1. 0. 1. 0. 1. 0. 1. 0. 1. 0. 1. 0. 1. 0. 1. 0. 1. 0.],200,0.6,512,200,0.6
77,0,11.0,0.0005184000001463573,[0 1 0 0 0 1 0 0 0 1 0 0 0 0 1 0 1 1 1 0 1],200,0.8,512,200,0.8
78,1,15.0,0.13220710000132385,[0. 0. 1. 0. 0. 1. 0. 0. 1. 0. 1. 0. 1. 0. 0. 1. 0. 1. 1. 0. 1.],200,0.8,512,200,0.8
79,2,16.0,0.27231510000092385,[0. 0. 1. 0. 1. 0. 1. 0. 1. 1. 1. 0. 1. 0. 1. 0. 1. 1. 0. 1. 0.],200,0.8,512,200,0.8
80,4,17.0,0.5314513000012084,[0. 1. 0. 1. 0. 1. 1. 0. 0. 1. 0. 1. 0. 1. 0. 1. 0. 0. 1. 0. 1.],200,0.8,512,200,0.8
81,8,17.0,1.0604352000009385,[0. 1. 0. 1. 0. 1. 1. 0. 0. 1. 0. 1. 0. 1. 0. 1. 0. 0. 1. 0. 1.],200,0.8,512,200,0.8
82,16,19.0,2.2159812999998394,[1. 0. 1. 0. 1. 0. 1. 0. 1. 0. 1. 0. 1. 0. 1. 0. 1. 0. 0. 1. 0.],200,0.8,512,200,0.8
83,32,19.0,4.4374168000013015,[1. 0. 1. 0. 1. 0. 1. 0. 1. 0. 1. 0. 1. 0. 1. 0. 1. 0. 0. 1. 0.],200,0.8,512,200,0.8
84,64,19.0,8.79866420000144,[1. 0. 1. 0. 1. 0. 1. 0. 1. 0. 1. 0. 1. 0. 1. 0. 1. 0. 0. 1. 0.],200,0.8,512,200,0.8
85,128,19.0,17.70022280000012,[1. 0. 1. 0. 1. 0. 1. 0. 1. 0. 1. 0. 1. 0. 1. 0. 1. 0. 0. 1. 0.],200,0.8,512,200,0.8
86,256,19.0,36.32639250000102,[1. 0. 1. 0. 1. 0. 1. 0. 1. 0. 1. 0. 1. 0. 1. 0. 1. 0. 0. 1. 0.],200,0.8,512,200,0.8
87,512,19.0,72.95551650000016,[1. 0. 1. 0. 1. 0. 1. 0. 1. 0. 1. 0. 1. 0. 1. 0. 1. 0. 0. 1. 0.],200,0.8,512,200,0.8
88,0,11.0,0.000900399998499779,[0 1 0 0 0 1 0 0 0 1 0 0 0 0 1 0 1 1 1 0 1],300,0.2,512,300,0.2
89,1,18.0,0.1269070999987889,[1. 0. 1. 0. 1. 1. 0. 1. 0. 1. 0. 1. 1. 0. 1. 0. 1. 0. 1. 0. 1.],300,0.2,512,300,0.2
90,2,19.0,0.269522099999449,[0. 1. 0. 0. 1. 0. 1. 0. 1. 0. 1. 0. 1. 0. 1. 0. 1. 0. 1. 0. 1.],300,0.2,512,300,0.2
91,4,20.0,0.5539367999990645,[1. 0. 1. 0. 1. 0. 1. 0. 1. 0. 1. 0. 1. 0. 1. 0. 1. 0. 1. 0. 1.],300,0.2,512,300,0.2
92,8,20.0,0.5539367999990645,[1. 0. 1. 0. 1. 0. 1. 0. 1. 0. 1. 0. 1. 0. 1. 0. 1. 0. 1. 0. 1.],300,0.2,512,300,0.2
93,16,20.0,0.5539367999990645,[1. 0. 1. 0. 1. 0. 1. 0. 1. 0. 1. 0. 1. 0. 1. 0. 1. 0. 1. 0. 1.],300,0.2,512,300,0.2
94,32,20.0,0.5539367999990645,[1. 0. 1. 0. 1. 0. 1. 0. 1. 0. 1. 0. 1. 0. 1. 0. 1. 0. 1. 0. 1.],300,0.2,512,300,0.2
95,64,20.0,0.5539367999990645,[1. 0. 1. 0. 1. 0. 1. 0. 1. 0. 1. 0. 1. 0. 1. 0. 1. 0. 1. 0. 1.],300,0.2,512,300,0.2
96,128,20.0,0.5539367999990645,[1. 0. 1. 0. 1. 0. 1. 0. 1. 0. 1. 0. 1. 0. 1. 0. 1. 0. 1. 0. 1.],300,0.2,512,300,0.2
97,256,20.0,0.5539367999990645,[1. 0. 1. 0. 1. 0. 1. 0. 1. 0. 1. 0. 1. 0. 1. 0. 1. 0. 1. 0. 1.],300,0.2,512,300,0.2
98,512,20.0,0.5539367999990645,[1. 0. 1. 0. 1. 0. 1. 0. 1. 0. 1. 0. 1. 0. 1. 0. 1. 0. 1. 0. 1.],300,0.2,512,300,0.2
99,0,11.0,0.0006627000002481509,[0 1 0 0 0 1 0 0 0 1 0 0 0 0 1 0 1 1 1 0 1],300,0.4,512,300,0.4
100,1,17.0,0.14994889999979932,[1. 1. 0. 0. 1. 0. 1. 0. 1. 0. 1. 0. 1. 0. 1. 0. 1. 0. 1. 0. 0.],300,0.4,512,300,0.4
101,2,18.0,0.2989113000003272,[1. 0. 1. 0. 1. 0. 1. 0. 0. 1. 0. 0. 1. 0. 1. 0. 1. 0. 1. 0. 1.],300,0.4,512,300,0.4
102,4,20.0,0.5896133999995072,[0. 1. 0. 1. 0. 1. 0. 1. 0. 1. 0. 1. 0. 1. 0. 1. 0. 1. 0. 1. 0.],300,0.4,512,300,0.4
103,8,20.0,0.5896133999995072,[0. 1. 0. 1. 0. 1. 0. 1. 0. 1. 0. 1. 0. 1. 0. 1. 0. 1. 0. 1. 0.],300,0.4,512,300,0.4
104,16,20.0,0.5896133999995072,[0. 1. 0. 1. 0. 1. 0. 1. 0. 1. 0. 1. 0. 1. 0. 1. 0. 1. 0. 1. 0.],300,0.4,512,300,0.4
105,32,20.0,0.5896133999995072,[0. 1. 0. 1. 0. 1. 0. 1. 0. 1. 0. 1. 0. 1. 0. 1. 0. 1. 0. 1. 0.],300,0.4,512,300,0.4
106,64,20.0,0.5896133999995072,[0. 1. 0. 1. 0. 1. 0. 1. 0. 1. 0. 1. 0. 1. 0. 1. 0. 1. 0. 1. 0.],300,0.4,512,300,0.4
107,128,20.0,0.5896133999995072,[0. 1. 0. 1. 0. 1. 0. 1. 0. 1. 0. 1. 0. 1. 0. 1. 0. 1. 0. 1. 0.],300,0.4,512,300,0.4
108,256,20.0,0.5896133999995072,[0. 1. 0. 1. 0. 1. 0. 1. 0. 1. 0. 1. 0. 1. 0. 1. 0. 1. 0. 1. 0.],300,0.4,512,300,0.4
109,512,20.0,0.5896133999995072,[0. 1. 0. 1. 0. 1. 0. 1. 0. 1. 0. 1. 0. 1. 0. 1. 0. 1. 0. 1. 0.],300,0.4,512,300,0.4
110,0,11.0,0.0006843999999546213,[0 1 0 0 0 1 0 0 0 1 0 0 0 0 1 0 1 1 1 0 1],300,0.6,512,300,0.6
111,1,16.0,0.14136160000089149,[1. 0. 1. 0. 1. 0. 1. 0. 1. 0. 1. 1. 1. 0. 1. 0. 0. 1. 0. 0. 1.],300,0.6,512,300,0.6
112,2,17.0,0.27941740000096615,[1. 0. 1. 0. 1. 0. 1. 0. 1. 0. 1. 0. 0. 0. 1. 0. 1. 0. 1. 1. 0.],300,0.6,512,300,0.6
113,4,18.0,0.5443169999998645,[1. 0. 1. 0. 1. 0. 0. 1. 0. 1. 0. 1. 0. 1. 0. 1. 1. 0. 1. 0. 1.],300,0.6,512,300,0.6
114,8,19.0,1.1517787000011595,[1. 1. 0. 1. 0. 1. 0. 1. 0. 1. 0. 1. 0. 1. 0. 1. 0. 1. 0. 1. 0.],300,0.6,512,300,0.6
115,16,20.0,1.3111676999997144,[0. 1. 0. 1. 0. 1. 0. 1. 0. 1. 0. 1. 0. 1. 0. 1. 0. 1. 0. 1. 0.],300,0.6,512,300,0.6
116,32,20.0,1.3111676999997144,[0. 1. 0. 1. 0. 1. 0. 1. 0. 1. 0. 1. 0. 1. 0. 1. 0. 1. 0. 1. 0.],300,0.6,512,300,0.6
117,64,20.0,1.3111676999997144,[0. 1. 0. 1. 0. 1. 0. 1. 0. 1. 0. 1. 0. 1. 0. 1. 0. 1. 0. 1. 0.],300,0.6,512,300,0.6
118,128,20.0,1.3111676999997144,[0. 1. 0. 1. 0. 1. 0. 1. 0. 1. 0. 1. 0. 1. 0. 1. 0. 1. 0. 1. 0.],300,0.6,512,300,0.6
119,256,20.0,1.3111676999997144,[0. 1. 0. 1. 0. 1. 0. 1. 0. 1. 0. 1. 0. 1. 0. 1. 0. 1. 0. 1. 0.],300,0.6,512,300,0.6
120,512,20.0,1.3111676999997144,[0. 1. 0. 1. 0. 1. 0. 1. 0. 1. 0. 1. 0. 1. 0. 1. 0. 1. 0. 1. 0.],300,0.6,512,300,0.6
121,0,11.0,0.0005281000012473669,[0 1 0 0 0 1 0 0 0 1 0 0 0 0 1 0 1 1 1 0 1],300,0.8,512,300,0.8
122,1,17.0,0.1717793999996502,[0. 1. 0. 1. 0. 0. 1. 0. 1. 1. 0. 1. 0. 1. 0. 1. 0. 0. 1. 0. 1.],300,0.8,512,300,0.8
123,2,17.0,0.3105071999998472,[0. 1. 0. 1. 0. 0. 1. 0. 1. 1. 0. 1. 0. 1. 0. 1. 0. 0. 1. 0. 1.],300,0.8,512,300,0.8
124,4,17.0,0.6086678000010579,[0. 1. 0. 1. 0. 0. 1. 0. 1. 1. 0. 1. 0. 1. 0. 1. 0. 0. 1. 0. 1.],300,0.8,512,300,0.8
125,8,17.0,1.1948761000003287,[0. 1. 0. 1. 0. 0. 1. 0. 1. 1. 0. 1. 0. 1. 0. 1. 0. 0. 1. 0. 1.],300,0.8,512,300,0.8
126,16,19.0,2.329582300000766,[1. 0. 1. 0. 0. 1. 0. 1. 0. 1. 0. 1. 0. 1. 0. 1. 0. 1. 0. 1. 0.],300,0.8,512,300,0.8
127,32,20.0,2.645356700000775,[0. 1. 0. 1. 0. 1. 0. 1. 0. 1. 0. 1. 0. 1. 0. 1. 0. 1. 0. 1. 0.],300,0.8,512,300,0.8
128,64,20.0,2.645356700000775,[0. 1. 0. 1. 0. 1. 0. 1. 0. 1. 0. 1. 0. 1. 0. 1. 0. 1. 0. 1. 0.],300,0.8,512,300,0.8
129,128,20.0,2.645356700000775,[0. 1. 0. 1. 0. 1. 0. 1. 0. 1. 0. 1. 0. 1. 0. 1. 0. 1. 0. 1. 0.],300,0.8,512,300,0.8
130,256,20.0,2.645356700000775,[0. 1. 0. 1. 0. 1. 0. 1. 0. 1. 0. 1. 0. 1. 0. 1. 0. 1. 0. 1. 0.],300,0.8,512,300,0.8
131,512,20.0,2.645356700000775,[0. 1. 0. 1. 0. 1. 0. 1. 0. 1. 0. 1. 0. 1. 0. 1. 0. 1. 0. 1. 0.],300,0.8,512,300,0.8
132,0,11.0,0.0006347000016830862,[0 1 0 0 0 1 0 0 0 1 0 0 0 0 1 0 1 1 1 0 1],400,0.2,512,400,0.2
133,1,18.0,0.14546680000057677,[0. 1. 0. 1. 0. 1. 0. 0. 1. 0. 1. 0. 1. 0. 0. 1. 0. 1. 0. 1. 0.],400,0.2,512,400,0.2
134,2,20.0,0.2839744000011706,[1. 0. 1. 0. 1. 0. 1. 0. 1. 0. 1. 0. 1. 0. 1. 0. 1. 0. 1. 0. 1.],400,0.2,512,400,0.2
135,4,20.0,0.2839744000011706,[1. 0. 1. 0. 1. 0. 1. 0. 1. 0. 1. 0. 1. 0. 1. 0. 1. 0. 1. 0. 1.],400,0.2,512,400,0.2
136,8,20.0,0.2839744000011706,[1. 0. 1. 0. 1. 0. 1. 0. 1. 0. 1. 0. 1. 0. 1. 0. 1. 0. 1. 0. 1.],400,0.2,512,400,0.2
137,16,20.0,0.2839744000011706,[1. 0. 1. 0. 1. 0. 1. 0. 1. 0. 1. 0. 1. 0. 1. 0. 1. 0. 1. 0. 1.],400,0.2,512,400,0.2
138,32,20.0,0.2839744000011706,[1. 0. 1. 0. 1. 0. 1. 0. 1. 0. 1. 0. 1. 0. 1. 0. 1. 0. 1. 0. 1.],400,0.2,512,400,0.2
139,64,20.0,0.2839744000011706,[1. 0. 1. 0. 1. 0. 1. 0. 1. 0. 1. 0. 1. 0. 1. 0. 1. 0. 1. 0. 1.],400,0.2,512,400,0.2
140,128,20.0,0.2839744000011706,[1. 0. 1. 0. 1. 0. 1. 0. 1. 0. 1. 0. 1. 0. 1. 0. 1. 0. 1. 0. 1.],400,0.2,512,400,0.2
141,256,20.0,0.2839744000011706,[1. 0. 1. 0. 1. 0. 1. 0. 1. 0. 1. 0. 1. 0. 1. 0. 1. 0. 1. 0. 1.],400,0.2,512,400,0.2
142,512,20.0,0.2839744000011706,[1. 0. 1. 0. 1. 0. 1. 0. 1. 0. 1. 0. 1. 0. 1. 0. 1. 0. 1. 0. 1.],400,0.2,512,400,0.2
143,0,11.0,0.0005768999999418156,[0 1 0 0 0 1 0 0 0 1 0 0 0 0 1 0 1 1 1 0 1],400,0.4,512,400,0.4
144,1,18.0,0.14254889999938314,[1. 0. 1. 0. 1. 0. 1. 0. 1. 0. 1. 0. 1. 0. 0. 1. 1. 0. 1. 0. 1.],400,0.4,512,400,0.4
145,2,18.0,0.2792550999984087,[1. 0. 1. 0. 1. 0. 1. 0. 1. 0. 1. 0. 1. 0. 0. 1. 1. 0. 1. 0. 1.],400,0.4,512,400,0.4
146,4,20.0,0.41010069999902043,[1. 0. 1. 0. 1. 0. 1. 0. 1. 0. 1. 0. 1. 0. 1. 0. 1. 0. 1. 0. 1.],400,0.4,512,400,0.4
147,8,20.0,0.41010069999902043,[1. 0. 1. 0. 1. 0. 1. 0. 1. 0. 1. 0. 1. 0. 1. 0. 1. 0. 1. 0. 1.],400,0.4,512,400,0.4
148,16,20.0,0.41010069999902043,[1. 0. 1. 0. 1. 0. 1. 0. 1. 0. 1. 0. 1. 0. 1. 0. 1. 0. 1. 0. 1.],400,0.4,512,400,0.4
149,32,20.0,0.41010069999902043,[1. 0. 1. 0. 1. 0. 1. 0. 1. 0. 1. 0. 1. 0. 1. 0. 1. 0. 1. 0. 1.],400,0.4,512,400,0.4
150,64,20.0,0.41010069999902043,[1. 0. 1. 0. 1. 0. 1. 0. 1. 0. 1. 0. 1. 0. 1. 0. 1. 0. 1. 0. 1.],400,0.4,512,400,0.4
151,128,20.0,0.41010069999902043,[1. 0. 1. 0. 1. 0. 1. 0. 1. 0. 1. 0. 1. 0. 1. 0. 1. 0. 1. 0. 1.],400,0.4,512,400,0.4
152,256,20.0,0.41010069999902043,[1. 0. 1. 0. 1. 0. 1. 0. 1. 0. 1. 0. 1. 0. 1. 0. 1. 0. 1. 0. 1.],400,0.4,512,400,0.4
153,512,20.0,0.41010069999902043,[1. 0. 1. 0. 1. 0. 1. 0. 1. 0. 1. 0. 1. 0. 1. 0. 1. 0. 1. 0. 1.],400,0.4,512,400,0.4
154,0,11.0,0.0007641000011062715,[0 1 0 0 0 1 0 0 0 1 0 0 0 0 1 0 1 1 1 0 1],400,0.6,512,400,0.6
155,1,17.0,0.1437497999995685,[0. 0. 1. 0. 1. 0. 1. 0. 1. 0. 1. 0. 1. 0. 0. 1. 0. 1. 0. 1. 1.],400,0.6,512,400,0.6
156,2,17.0,0.3107116000010137,[0. 0. 1. 0. 1. 0. 1. 0. 1. 0. 1. 0. 1. 0. 0. 1. 0. 1. 0. 1. 1.],400,0.6,512,400,0.6
157,4,18.0,0.618447599999854,[1. 0. 1. 0. 1. 0. 1. 0. 1. 0. 1. 1. 0. 1. 0. 1. 0. 0. 1. 0. 1.],400,0.6,512,400,0.6
158,8,20.0,0.7708366000006208,[0. 1. 0. 1. 0. 1. 0. 1. 0. 1. 0. 1. 0. 1. 0. 1. 0. 1. 0. 1. 0.],400,0.6,512,400,0.6
159,16,20.0,0.7708366000006208,[0. 1. 0. 1. 0. 1. 0. 1. 0. 1. 0. 1. 0. 1. 0. 1. 0. 1. 0. 1. 0.],400,0.6,512,400,0.6
160,32,20.0,0.7708366000006208,[0. 1. 0. 1. 0. 1. 0. 1. 0. 1. 0. 1. 0. 1. 0. 1. 0. 1. 0. 1. 0.],400,0.6,512,400,0.6
161,64,20.0,0.7708366000006208,[0. 1. 0. 1. 0. 1. 0. 1. 0. 1. 0. 1. 0. 1. 0. 1. 0. 1. 0. 1. 0.],400,0.6,512,400,0.6
162,128,20.0,0.7708366000006208,[0. 1. 0. 1. 0. 1. 0. 1. 0. 1. 0. 1. 0. 1. 0. 1. 0. 1. 0. 1. 0.],400,0.6,512,400,0.6
163,256,20.0,0.7708366000006208,[0. 1. 0. 1. 0. 1. 0. 1. 0. 1. 0. 1. 0. 1. 0. 1. 0. 1. 0. 1. 0.],400,0.6,512,400,0.6
164,512,20.0,0.7708366000006208,[0. 1. 0. 1. 0. 1. 0. 1. 0. 1. 0. 1. 0. 1. 0. 1. 0. 1. 0. 1. 0.],400,0.6,512,400,0.6
165,0,11.0,0.0008778000010352116,[0 1 0 0 0 1 0 0 0 1 0 0 0 0 1 0 1 1 1 0 1],400,0.8,512,400,0.8
166,1,16.0,0.14989729999979318,[0. 0. 1. 1. 0. 0. 1. 1. 0. 1. 0. 1. 0. 1. 0. 1. 0. 1. 0. 1. 0.],400,0.8,512,400,0.8
167,2,17.0,0.2954141999998683,[0. 1. 0. 1. 0. 1. 1. 0. 0. 1. 0. 1. 1. 0. 1. 0. 1. 0. 1. 0. 1.],400,0.8,512,400,0.8
168,4,17.0,0.5826431000004959,[0. 1. 0. 1. 0. 1. 1. 0. 0. 1. 0. 1. 1. 0. 1. 0. 1. 0. 1. 0. 1.],400,0.8,512,400,0.8
169,8,18.0,1.1886866000004375,[0. 1. 0. 1. 0. 1. 0. 1. 0. 1. 0. 0. 1. 0. 1. 0. 1. 1. 0. 1. 0.],400,0.8,512,400,0.8
170,16,19.0,2.339551400000346,[0. 1. 0. 1. 0. 1. 0. 1. 0. 1. 0. 1. 1. 0. 1. 0. 1. 0. 1. 0. 1.],400,0.8,512,400,0.8
171,32,19.0,4.6113272000002326,[0. 1. 0. 1. 0. 1. 0. 1. 0. 1. 0. 1. 1. 0. 1. 0. 1. 0. 1. 0. 1.],400,0.8,512,400,0.8
172,64,19.0,10.095887500001481,[0. 1. 0. 1. 0. 1. 0. 1. 0. 1. 0. 1. 1. 0. 1. 0. 1. 0. 1. 0. 1.],400,0.8,512,400,0.8
173,128,19.0,19.656366700000945,[0. 1. 0. 1. 0. 1. 0. 1. 0. 1. 0. 1. 1. 0. 1. 0. 1. 0. 1. 0. 1.],400,0.8,512,400,0.8
174,256,19.0,38.446088200000304,[0. 1. 0. 1. 0. 1. 0. 1. 0. 1. 0. 1. 1. 0. 1. 0. 1. 0. 1. 0. 1.],400,0.8,512,400,0.8
175,512,19.0,79.03419550000035,[0. 1. 0. 1. 0. 1. 0. 1. 0. 1. 0. 1. 1. 0. 1. 0. 1. 0. 1. 0. 1.],400,0.8,512,400,0.8
